date,city,country,temperature_c,humidity_pct,wind_speed_mps,pressure_hpa,precipitation_mm
2025-01-01,New York,USA,11.6,67.5,5.3,1015.2,1.4
2025-01-01,London,UK,8.9,84.7,5.7,1017.5,12.3
2025-01-01,Tokyo,Japan,15.0,81.6,5.5,1019.3,10.9
2025-01-01,Singapore,Singapore,25.8,89.8,3.1,1014.5,18.6
2025-01-01,Sydney,Australia,24.8,57.8,6.0,1016.5,0
2025-01-01,Cairo,Egypt,18.6,41.8,2.7,1007.2,0
2025-01-01,São Paulo,Brazil,22.8,61.6,2.8,1007.7,0
2025-01-01,Toronto,Canada,4.8,65.0,3.2,1007.5,0
2025-01-02,New York,USA,12.0,68.5,5.7,1015.8,0
2025-01-02,London,UK,9.1,83.4,6.7,1014.9,9.2
2025-01-02,Tokyo,Japan,14.7,80.0,6.0,1019.7,8.2
2025-01-02,Singapore,Singapore,26.4,88.0,3.0,1013.8,14.0
2025-01-02,Sydney,Australia,23.8,60.9,5.3,1017.8,0
2025-01-02,Cairo,Egypt,18.4,38.5,3.2,1005.6,0
2025-01-02,São Paulo,Brazil,24.1,60.3,2.3,1007.9,0
2025-01-02,Toronto,Canada,3.6,61.0,4.0,1010.2,0
2025-01-03,New York,USA,11.6,68.7,5.6,1015.8,0
2025-01-03,London,UK,8.8,80.1,7.2,1019.0,3.5
2025-01-03,Tokyo,Japan,16.8,81.6,5.9,1020.0,12.4
2025-01-03,Singapore,Singapore,24.5,85.7,2.9,1011.3,15.6
2025-01-03,Sydney,Australia,22.9,59.7,5.0,1017.0,0
2025-01-03,Cairo,Egypt,18.6,43.4,2.2,1007.8,0
2025-01-03,São Paulo,Brazil,23.2,58.1,2.5,1005.8,0
2025-01-03,Toronto,Canada,5.5,64.5,3.5,1007.7,0.1
2025-01-04,New York,USA,13.1,66.3,5.1,1015.0,2.1
2025-01-04,London,UK,9.0,84.4,6.1,1016.7,7.8
2025-01-04,Tokyo,Japan,17.1,81.1,4.9,1019.9,7.7
2025-01-04,Singapore,Singapore,26.3,85.8,2.9,1011.4,14.8
2025-01-04,Sydney,Australia,21.8,57.8,5.6,1017.9,0
2025-01-04,Cairo,Egypt,20.3,43.0,3.6,1005.3,0
2025-01-04,São Paulo,Brazil,23.4,58.6,2.8,1006.3,0
2025-01-04,Toronto,Canada,5.9,66.4,4.6,1010.0,0
2025-01-05,New York,USA,13.6,69.5,5.9,1017.8,0
2025-01-05,London,UK,10.8,82.1,7.2,1018.2,5.8
2025-01-05,Tokyo,Japan,16.0,78.6,4.8,1021.7,6.4
2025-01-05,Singapore,Singapore,26.3,88.7,2.7,1014.1,13.5
2025-01-05,Sydney,Australia,22.3,59.3,4.7,1015.2,0
2025-01-05,Cairo,Egypt,18.7,42.2,2.8,1005.7,0
2025-01-05,São Paulo,Brazil,21.5,58.6,2.1,1007.1,0
2025-01-05,Toronto,Canada,6.1,62.2,4.5,1008.5,0
2025-01-06,New York,USA,14.1,68.4,5.4,1016.5,0
2025-01-06,London,UK,9.8,80.5,6.1,1018.3,9.7
2025-01-06,Tokyo,Japan,16.3,76.1,5.1,1021.5,1.7
2025-01-06,Singapore,Singapore,24.8,89.8,3.3,1010.9,12.2
2025-01-06,Sydney,Australia,22.2,57.1,4.6,1014.1,0
2025-01-06,Cairo,Egypt,18.4,39.8,2.4,1005.9,0
2025-01-06,São Paulo,Brazil,21.8,60.0,1.6,1008.2,0
2025-01-06,Toronto,Canada,5.3,64.1,4.2,1010.1,0.6
2025-01-07,New York,USA,12.9,68.3,6.6,1018.7,0
2025-01-07,London,UK,10.2,84.4,7.4,1015.9,8.8
2025-01-07,Tokyo,Japan,17.1,77.1,4.6,1022.2,8.3
2025-01-07,Singapore,Singapore,24.2,86.9,2.9,1010.2,12.4
2025-01-07,Sydney,Australia,20.6,58.1,4.8,1013.9,0
2025-01-07,Cairo,Egypt,20.3,38.6,2.4,1006.6,0
2025-01-07,São Paulo,Brazil,23.1,60.2,2.8,1006.8,0
2025-01-07,Toronto,Canada,7.1,64.7,4.7,1010.0,0
2025-01-08,New York,USA,14.7,69.8,6.6,1019.4,3.8
2025-01-08,London,UK,9.5,83.0,7.0,1018.8,11.0
2025-01-08,Tokyo,Japan,16.7,75.3,4.0,1021.6,0.1
2025-01-08,Singapore,Singapore,24.3,85.1,2.1,1012.6,14.4
2025-01-08,Sydney,Australia,21.0,56.1,4.1,1012.8,0
2025-01-08,Cairo,Egypt,18.5,38.9,2.6,1005.6,0
2025-01-08,São Paulo,Brazil,23.2,58.3,1.8,1005.8,0
2025-01-08,Toronto,Canada,7.2,66.3,4.1,1009.8,0
2025-01-09,New York,USA,15.4,70.5,6.5,1019.9,0
2025-01-09,London,UK,11.1,85.7,6.6,1017.8,8.1
2025-01-09,Tokyo,Japan,16.2,78.3,4.3,1021.0,4.6
2025-01-09,Singapore,Singapore,25.7,87.3,2.5,1009.4,14.4
2025-01-09,Sydney,Australia,21.7,54.8,3.7,1014.3,0
2025-01-09,Cairo,Egypt,19.3,39.7,2.8,1006.9,0
2025-01-09,São Paulo,Brazil,22.4,58.6,1.9,1005.6,0
2025-01-09,Toronto,Canada,6.5,66.8,5.3,1011.6,1.7
2025-01-10,New York,USA,13.9,71.9,6.3,1018.5,4.4
2025-01-10,London,UK,9.9,81.7,6.8,1018.6,10.0
2025-01-10,Tokyo,Japan,15.9,74.1,4.4,1018.7,3.8
2025-01-10,Singapore,Singapore,23.5,83.4,1.9,1010.7,10.2
2025-01-10,Sydney,Australia,20.9,56.9,4.2,1012.1,0
2025-01-10,Cairo,Egypt,20.3,35.9,2.1,1005.0,0
2025-01-10,São Paulo,Brazil,22.6,61.1,3.1,1007.3,0
2025-01-10,Toronto,Canada,7.7,64.4,4.2,1012.1,0
2025-01-11,New York,USA,13.7,70.8,6.7,1019.6,0
2025-01-11,London,UK,11.9,83.4,6.2,1018.5,13.7
2025-01-11,Tokyo,Japan,15.3,76.0,4.0,1019.8,3.3
2025-01-11,Singapore,Singapore,24.4,82.4,1.3,1008.1,5.3
2025-01-11,Sydney,Australia,21.0,57.6,3.4,1014.5,0
2025-01-11,Cairo,Egypt,20.0,39.6,2.7,1004.9,0
2025-01-11,São Paulo,Brazil,22.9,60.0,3.3,1008.9,0
2025-01-11,Toronto,Canada,6.9,68.5,5.1,1013.1,2.4
2025-01-12,New York,USA,14.9,74.1,5.9,1020.7,0
2025-01-12,London,UK,10.8,83.3,5.7,1017.7,9.5
2025-01-12,Tokyo,Japan,16.0,73.5,4.1,1017.4,5.3
2025-01-12,Singapore,Singapore,25.6,83.4,2.0,1008.3,12.3
2025-01-12,Sydney,Australia,20.9,54.8,4.5,1013.7,0
2025-01-12,Cairo,Egypt,19.3,34.6,2.4,1003.6,0
2025-01-12,São Paulo,Brazil,23.5,58.7,3.7,1008.2,0
2025-01-12,Toronto,Canada,8.2,65.8,4.8,1012.6,0
2025-01-13,New York,USA,14.2,72.6,5.8,1019.8,2.8
2025-01-13,London,UK,12.1,82.1,6.3,1016.5,10.6
2025-01-13,Tokyo,Japan,17.0,74.4,3.3,1017.7,1.5
2025-01-13,Singapore,Singapore,23.4,85.4,1.0,1007.1,7.8
2025-01-13,Sydney,Australia,18.8,56.2,3.7,1012.3,0
2025-01-13,Cairo,Egypt,19.6,40.2,2.9,1006.5,0
2025-01-13,São Paulo,Brazil,23.6,59.4,3.6,1009.1,0
2025-01-13,Toronto,Canada,9.5,66.8,4.9,1014.8,2.2
2025-01-14,New York,USA,16.7,70.7,6.5,1019.6,5.1
2025-01-14,London,UK,11.9,80.5,6.2,1018.3,9.7
2025-01-14,Tokyo,Japan,16.3,77.4,4.1,1017.6,9.6
2025-01-14,Singapore,Singapore,24.7,79.4,2.3,1006.1,10.6
2025-01-14,Sydney,Australia,20.0,53.1,4.8,1012.5,0
2025-01-14,Cairo,Egypt,20.7,35.2,4.1,1003.4,0
2025-01-14,São Paulo,Brazil,22.3,62.8,4.1,1007.9,0
2025-01-14,Toronto,Canada,8.6,69.8,6.4,1012.6,3.0
2025-01-15,New York,USA,15.5,73.9,6.1,1019.6,2.9
2025-01-15,London,UK,10.8,78.9,6.1,1016.9,9.0
2025-01-15,Tokyo,Japan,16.0,75.3,4.1,1016.0,1.4
2025-01-15,Singapore,Singapore,25.2,78.4,2.0,1006.4,6.3
2025-01-15,Sydney,Australia,19.9,55.7,4.6,1009.7,0
2025-01-15,Cairo,Egypt,20.2,39.2,3.5,1004.1,0
2025-01-15,São Paulo,Brazil,23.0,64.1,3.5,1008.5,0
2025-01-15,Toronto,Canada,9.7,67.3,5.7,1012.5,0
2025-01-16,New York,USA,16.3,74.9,6.7,1020.5,6.0
2025-01-16,London,UK,10.4,83.1,5.2,1017.8,12.3
2025-01-16,Tokyo,Japan,15.9,73.3,3.4,1016.1,5.4
2025-01-16,Singapore,Singapore,24.7,82.7,1.3,1006.7,12.6
2025-01-16,Sydney,Australia,19.1,56.3,4.6,1013.3,0
2025-01-16,Cairo,Egypt,20.2,35.1,3.7,1005.7,0
2025-01-16,São Paulo,Brazil,23.4,65.9,3.6,1008.5,0
2025-01-16,Toronto,Canada,9.3,69.7,6.6,1013.1,0.8
2025-01-17,New York,USA,15.0,74.5,6.2,1019.0,6.3
2025-01-17,London,UK,9.8,80.2,5.3,1016.3,8.2
2025-01-17,Tokyo,Japan,15.5,70.9,3.7,1014.8,0
2025-01-17,Singapore,Singapore,24.7,81.3,0.7,1004.6,11.1
2025-01-17,Sydney,Australia,19.5,51.0,3.8,1010.0,0
2025-01-17,Cairo,Egypt,20.8,39.9,4.3,1005.0,0
2025-01-17,São Paulo,Brazil,22.6,66.4,3.4,1011.8,0
2025-01-17,Toronto,Canada,10.5,68.3,6.0,1016.1,0
2025-01-18,New York,USA,16.0,74.5,5.1,1019.4,0
2025-01-18,London,UK,11.7,81.6,5.3,1016.3,5.9
2025-01-18,Tokyo,Japan,16.5,70.6,2.1,1016.2,0
2025-01-18,Singapore,Singapore,24.5,76.4,1.2,1007.1,6.8
2025-01-18,Sydney,Australia,17.8,51.1,4.7,1010.0,0
2025-01-18,Cairo,Egypt,22.6,39.6,4.6,1005.3,0
2025-01-18,São Paulo,Brazil,24.1,61.4,3.9,1010.5,0
2025-01-18,Toronto,Canada,11.2,69.0,6.0,1017.4,0
2025-01-19,New York,USA,16.4,73.3,6.2,1019.1,7.1
2025-01-19,London,UK,10.1,81.0,4.8,1014.4,5.7
2025-01-19,Tokyo,Japan,16.5,70.2,2.9,1014.3,0
2025-01-19,Singapore,Singapore,25.4,77.3,1.1,1006.4,4.2
2025-01-19,Sydney,Australia,19.6,55.1,4.4,1011.0,0
2025-01-19,Cairo,Egypt,22.4,38.9,4.8,1008.2,0
2025-01-19,São Paulo,Brazil,22.2,66.9,5.0,1010.5,0
2025-01-19,Toronto,Canada,11.7,70.8,5.7,1017.2,3.2
2025-01-20,New York,USA,15.2,70.9,6.0,1019.5,4.1
2025-01-20,London,UK,11.5,81.3,5.5,1014.1,10.1
2025-01-20,Tokyo,Japan,14.5,68.5,2.8,1015.5,0
2025-01-20,Singapore,Singapore,23.5,77.5,0.7,1005.5,7.3
2025-01-20,Sydney,Australia,18.6,56.2,4.0,1010.8,0
2025-01-20,Cairo,Egypt,22.1,36.1,3.7,1005.7,0
2025-01-20,São Paulo,Brazil,24.2,62.6,3.9,1010.2,0
2025-01-20,Toronto,Canada,10.5,72.0,6.9,1016.9,2.1
2025-01-21,New York,USA,16.6,72.5,5.8,1020.7,2.3
2025-01-21,London,UK,11.8,80.9,5.2,1015.6,7.7
2025-01-21,Tokyo,Japan,14.7,70.6,2.2,1012.4,4.2
2025-01-21,Singapore,Singapore,24.6,74.7,1.4,1005.1,0.0
2025-01-21,Sydney,Australia,19.4,54.4,4.7,1010.4,0
2025-01-21,Cairo,Egypt,22.7,35.0,4.5,1006.9,0
2025-01-21,São Paulo,Brazil,22.5,65.6,3.8,1013.7,0.4
2025-01-21,Toronto,Canada,12.3,68.9,6.4,1016.4,1.0
2025-01-22,New York,USA,16.9,72.7,4.3,1020.9,0.1
2025-01-22,London,UK,11.6,81.8,4.0,1013.1,12.0
2025-01-22,Tokyo,Japan,14.6,66.6,3.0,1015.0,1.3
2025-01-22,Singapore,Singapore,25.0,74.0,1.6,1005.6,7.2
2025-01-22,Sydney,Australia,19.4,51.3,5.8,1012.2,0
2025-01-22,Cairo,Egypt,23.2,40.3,5.1,1008.2,0
2025-01-22,São Paulo,Brazil,23.3,67.4,5.1,1012.3,0
2025-01-22,Toronto,Canada,12.8,72.4,6.0,1019.4,3.9
2025-01-23,New York,USA,17.2,72.9,4.1,1017.5,0
2025-01-23,London,UK,11.6,75.8,4.3,1015.0,2.9
2025-01-23,Tokyo,Japan,15.0,70.4,3.1,1014.1,0
2025-01-23,Singapore,Singapore,24.5,76.0,2.2,1005.2,7.7
2025-01-23,Sydney,Australia,18.5,52.5,4.8,1013.2,0
2025-01-23,Cairo,Egypt,24.5,35.8,4.4,1008.6,0
2025-01-23,São Paulo,Brazil,23.7,68.9,5.2,1013.5,0
2025-01-23,Toronto,Canada,11.1,72.9,6.1,1018.0,4.7
2025-01-24,New York,USA,16.9,70.4,4.4,1019.1,2.2
2025-01-24,London,UK,9.6,76.0,4.7,1015.1,8.3
2025-01-24,Tokyo,Japan,15.9,68.5,2.3,1014.4,0
2025-01-24,Singapore,Singapore,24.3,74.8,2.5,1003.2,4.2
2025-01-24,Sydney,Australia,19.8,54.7,5.4,1011.0,0
2025-01-24,Cairo,Egypt,24.1,37.4,4.4,1008.9,0
2025-01-24,São Paulo,Brazil,23.7,68.6,4.2,1015.9,0
2025-01-24,Toronto,Canada,12.3,71.2,6.1,1018.0,0.5
2025-01-25,New York,USA,16.1,71.5,4.2,1019.2,4.1
2025-01-25,London,UK,10.6,78.7,4.6,1012.9,10.8
2025-01-25,Tokyo,Japan,15.8,67.3,2.6,1013.5,2.1
2025-01-25,Singapore,Singapore,24.8,73.0,1.7,1001.5,0
2025-01-25,Sydney,Australia,19.3,53.6,5.2,1012.1,0
2025-01-25,Cairo,Egypt,25.6,37.2,5.1,1009.2,0
2025-01-25,São Paulo,Brazil,22.5,67.3,4.9,1016.0,0
2025-01-25,Toronto,Canada,12.4,72.6,5.9,1020.4,4.3
2025-01-26,New York,USA,16.7,68.4,4.9,1017.7,0
2025-01-26,London,UK,9.9,74.3,3.5,1012.5,7.2
2025-01-26,Tokyo,Japan,15.2,67.8,1.7,1013.4,0
2025-01-26,Singapore,Singapore,24.2,73.9,2.4,1002.1,4.4
2025-01-26,Sydney,Australia,17.7,54.4,6.2,1013.1,0
2025-01-26,Cairo,Egypt,25.7,38.3,5.4,1009.6,0
2025-01-26,São Paulo,Brazil,23.6,70.7,4.7,1013.9,3.8
2025-01-26,Toronto,Canada,12.0,71.8,6.4,1020.6,2.2
2025-01-27,New York,USA,16.1,71.9,4.0,1017.3,0
2025-01-27,London,UK,10.1,73.2,4.4,1012.6,2.6
2025-01-27,Tokyo,Japan,14.4,64.8,2.1,1009.3,0
2025-01-27,Singapore,Singapore,25.2,73.2,1.9,1001.8,2.6
2025-01-27,Sydney,Australia,18.8,57.7,6.7,1012.3,0
2025-01-27,Cairo,Egypt,24.5,36.9,6.1,1010.4,0
2025-01-27,São Paulo,Brazil,23.9,72.4,5.4,1013.9,0
2025-01-27,Toronto,Canada,13.7,69.2,5.4,1020.6,0
2025-01-28,New York,USA,16.4,71.4,4.6,1018.6,2.9
2025-01-28,London,UK,10.4,76.0,3.6,1012.1,3.5
2025-01-28,Tokyo,Japan,15.2,68.0,2.6,1009.4,2.0
2025-01-28,Singapore,Singapore,26.6,72.1,1.7,1002.2,1.9
2025-01-28,Sydney,Australia,18.4,53.7,7.0,1014.5,0
2025-01-28,Cairo,Egypt,25.1,39.1,6.0,1009.9,0
2025-01-28,São Paulo,Brazil,22.5,71.7,4.4,1014.4,2.4
2025-01-28,Toronto,Canada,13.6,72.7,4.8,1020.1,3.7
2025-01-29,New York,USA,16.9,68.2,4.1,1017.5,0
2025-01-29,London,UK,10.2,76.2,4.3,1011.1,6.4
2025-01-29,Tokyo,Japan,14.4,66.4,3.2,1011.8,0
2025-01-29,Singapore,Singapore,26.1,72.4,2.4,1003.4,2.3
2025-01-29,Sydney,Australia,20.1,56.8,5.6,1012.0,0
2025-01-29,Cairo,Egypt,25.2,39.6,5.1,1010.9,0
2025-01-29,São Paulo,Brazil,24.4,73.8,5.3,1016.6,6.3
2025-01-29,Toronto,Canada,13.1,71.5,5.3,1020.3,3.1
2025-01-30,New York,USA,14.7,70.2,3.9,1015.9,3.7
2025-01-30,London,UK,10.7,72.1,4.2,1010.9,5.2
2025-01-30,Tokyo,Japan,15.3,66.0,3.4,1010.5,0
2025-01-30,Singapore,Singapore,26.4,73.6,2.8,1002.5,1.3
2025-01-30,Sydney,Australia,19.3,53.0,6.4,1011.8,0
2025-01-30,Cairo,Egypt,25.5,40.0,5.1,1011.1,0
2025-01-30,São Paulo,Brazil,24.3,74.3,5.3,1016.1,4.1
2025-01-30,Toronto,Canada,13.6,74.1,5.2,1018.2,0.8
2025-01-31,New York,USA,15.9,69.8,3.1,1016.4,0.5
2025-01-31,London,UK,11.1,70.9,4.6,1010.6,4.2
2025-01-31,Tokyo,Japan,16.2,66.7,3.6,1008.8,1.8
2025-01-31,Singapore,Singapore,27.3,72.1,3.1,1004.6,4.3
2025-01-31,Sydney,Australia,19.9,58.3,7.4,1015.5,0
2025-01-31,Cairo,Egypt,25.8,41.9,5.8,1011.9,0
2025-01-31,São Paulo,Brazil,23.8,71.0,4.0,1015.8,1.0
2025-01-31,Toronto,Canada,11.9,71.8,4.5,1021.6,0
2025-02-01,New York,USA,15.7,69.9,2.7,1015.2,0
2025-02-01,London,UK,9.2,72.8,3.2,1008.4,0
2025-02-01,Tokyo,Japan,16.5,64.5,3.4,1009.9,0.9
2025-02-01,Singapore,Singapore,26.8,71.3,4.0,1003.7,5.5
2025-02-01,Sydney,Australia,18.6,55.6,6.9,1014.2,0
2025-02-01,Cairo,Egypt,28.0,43.6,5.6,1012.8,0
2025-02-01,São Paulo,Brazil,22.3,74.7,3.7,1016.6,0.8
2025-02-01,Toronto,Canada,12.8,72.2,5.1,1019.8,5.2
2025-02-02,New York,USA,15.9,65.9,3.0,1016.5,0
2025-02-02,London,UK,11.4,74.7,3.8,1010.3,2.1
2025-02-02,Tokyo,Japan,15.8,61.0,4.1,1008.5,0
2025-02-02,Singapore,Singapore,27.9,74.2,2.6,1002.3,5.8
2025-02-02,Sydney,Australia,18.5,57.7,6.9,1015.6,0
2025-02-02,Cairo,Egypt,27.8,42.6,4.8,1013.5,0
2025-02-02,São Paulo,Brazil,23.8,73.2,4.0,1016.7,0
2025-02-02,Toronto,Canada,12.1,69.8,3.8,1020.5,0
2025-02-03,New York,USA,14.2,65.2,3.2,1015.6,0
2025-02-03,London,UK,9.4,68.6,3.7,1007.8,1.1
2025-02-03,Tokyo,Japan,15.4,62.0,4.1,1008.3,0
2025-02-03,Singapore,Singapore,27.8,73.0,3.5,1003.5,0
2025-02-03,Sydney,Australia,20.1,58.6,6.3,1014.5,0
2025-02-03,Cairo,Egypt,27.1,42.6,4.7,1015.1,0
2025-02-03,São Paulo,Brazil,22.2,73.1,4.0,1018.3,1.4
2025-02-03,Toronto,Canada,13.0,75.1,4.0,1018.6,0.0
2025-02-04,New York,USA,16.0,64.8,4.2,1014.4,0
2025-02-04,London,UK,10.9,72.9,4.0,1006.9,0
2025-02-04,Tokyo,Japan,17.8,63.4,4.3,1009.6,0
2025-02-04,Singapore,Singapore,27.9,72.9,3.8,1004.6,3.5
2025-02-04,Sydney,Australia,20.2,56.1,6.6,1013.9,0
2025-02-04,Cairo,Egypt,27.5,45.0,5.0,1016.1,0
2025-02-04,São Paulo,Brazil,21.7,78.0,4.1,1019.3,9.6
2025-02-04,Toronto,Canada,12.7,73.4,3.4,1020.0,0
2025-02-05,New York,USA,14.4,64.5,3.2,1015.4,0
2025-02-05,London,UK,10.7,69.7,4.9,1006.2,0.1
2025-02-05,Tokyo,Japan,18.2,63.7,3.8,1008.7,0
2025-02-05,Singapore,Singapore,27.5,70.4,3.6,1006.3,5.1
2025-02-05,Sydney,Australia,18.5,60.4,6.6,1018.1,0
2025-02-05,Cairo,Egypt,28.8,42.3,5.0,1016.2,0
2025-02-05,São Paulo,Brazil,21.7,76.9,3.3,1018.0,9.0
2025-02-05,Toronto,Canada,11.6,73.3,4.8,1018.9,7.0
2025-02-06,New York,USA,15.7,63.7,3.7,1014.8,0
2025-02-06,London,UK,10.8,70.3,4.0,1007.1,1.1
2025-02-06,Tokyo,Japan,17.8,63.7,4.8,1010.0,0
2025-02-06,Singapore,Singapore,29.3,74.4,4.6,1004.2,3.8
2025-02-06,Sydney,Australia,20.3,61.3,7.1,1016.4,0
2025-02-06,Cairo,Egypt,27.6,44.1,5.3,1016.5,0
2025-02-06,São Paulo,Brazil,22.2,77.5,3.7,1020.2,7.5
2025-02-06,Toronto,Canada,12.2,70.3,4.1,1018.4,4.2
2025-02-07,New York,USA,14.1,63.9,3.0,1011.7,0
2025-02-07,London,UK,11.4,71.3,4.9,1007.9,2.7
2025-02-07,Tokyo,Japan,18.4,63.5,4.7,1010.5,0
2025-02-07,Singapore,Singapore,29.8,72.8,3.9,1003.1,0
2025-02-07,Sydney,Australia,19.4,59.5,6.6,1019.3,0
2025-02-07,Cairo,Egypt,27.9,44.0,4.1,1015.6,0
2025-02-07,São Paulo,Brazil,21.5,76.2,3.5,1019.3,2.3
2025-02-07,Toronto,Canada,11.9,69.4,3.8,1020.2,0
2025-02-08,New York,USA,14.4,63.8,3.4,1013.4,0
2025-02-08,London,UK,10.6,67.8,5.9,1006.8,0
2025-02-08,Tokyo,Japan,18.4,57.7,5.1,1010.1,0
2025-02-08,Singapore,Singapore,29.0,70.0,3.7,1005.1,4.9
2025-02-08,Sydney,Australia,20.0,61.1,6.4,1016.4,0
2025-02-08,Cairo,Egypt,29.2,41.2,3.9,1017.5,0
2025-02-08,São Paulo,Brazil,20.4,76.6,3.4,1017.0,9.3
2025-02-08,Toronto,Canada,13.2,69.1,3.6,1016.8,0
2025-02-09,New York,USA,15.7,66.6,4.4,1011.7,0.1
2025-02-09,London,UK,10.7,66.2,5.0,1006.2,2.2
2025-02-09,Tokyo,Japan,18.0,58.8,5.6,1010.2,0
2025-02-09,Singapore,Singapore,29.4,71.0,3.8,1004.0,2.9
2025-02-09,Sydney,Australia,19.3,61.4,6.4,1018.2,0
2025-02-09,Cairo,Egypt,29.2,41.4,4.8,1017.7,0
2025-02-09,São Paulo,Brazil,22.2,75.7,2.4,1020.6,6.6
2025-02-09,Toronto,Canada,12.9,71.4,2.8,1017.6,0
2025-02-10,New York,USA,16.5,61.1,4.2,1011.6,0
2025-02-10,London,UK,10.8,64.7,6.0,1006.9,0
2025-02-10,Tokyo,Japan,17.7,57.0,5.7,1010.1,0
2025-02-10,Singapore,Singapore,31.4,71.5,3.3,1005.5,5.6
2025-02-10,Sydney,Australia,20.5,63.7,7.1,1018.6,0
2025-02-10,Cairo,Egypt,28.6,47.5,4.1,1016.3,0
2025-02-10,São Paulo,Brazil,20.4,77.2,2.6,1017.3,9.0
2025-02-10,Toronto,Canada,12.6,73.1,3.1,1019.2,4.4
2025-02-11,New York,USA,15.8,59.8,5.0,1012.2,0
2025-02-11,London,UK,12.6,65.8,6.5,1006.6,0
2025-02-11,Tokyo,Japan,19.3,59.0,5.6,1009.5,0
2025-02-11,Singapore,Singapore,31.1,75.8,3.3,1005.3,1.5
2025-02-11,Sydney,Australia,19.9,62.3,5.8,1021.0,0
2025-02-11,Cairo,Egypt,28.5,43.7,3.2,1018.5,0
2025-02-11,São Paulo,Brazil,21.3,75.5,2.7,1018.2,2.8
2025-02-11,Toronto,Canada,12.8,69.0,3.9,1016.4,0
2025-02-12,New York,USA,14.7,63.2,4.2,1008.7,0
2025-02-12,London,UK,12.9,66.6,6.3,1005.2,1.0
2025-02-12,Tokyo,Japan,19.0,61.4,4.7,1009.1,0
2025-02-12,Singapore,Singapore,30.0,73.5,3.7,1007.6,0
2025-02-12,Sydney,Australia,18.6,64.8,6.8,1020.6,0
2025-02-12,Cairo,Egypt,29.4,43.1,3.3,1017.1,0
2025-02-12,São Paulo,Brazil,18.8,77.1,2.4,1016.6,3.4
2025-02-12,Toronto,Canada,11.9,73.4,3.9,1018.6,0.6
2025-02-13,New York,USA,16.0,58.6,4.5,1009.8,0
2025-02-13,London,UK,12.3,62.8,6.5,1005.1,0
2025-02-13,Tokyo,Japan,18.9,58.9,5.4,1011.7,0
2025-02-13,Singapore,Singapore,32.1,72.9,4.2,1008.2,0.8
2025-02-13,Sydney,Australia,18.7,64.8,5.9,1019.7,0.5
2025-02-13,Cairo,Egypt,29.8,47.3,2.7,1018.8,0
2025-02-13,São Paulo,Brazil,19.7,80.4,2.8,1018.9,3.3
2025-02-13,Toronto,Canada,11.4,68.6,3.4,1018.1,2.8
2025-02-14,New York,USA,17.0,61.7,4.3,1011.2,0
2025-02-14,London,UK,11.9,62.9,5.8,1007.4,0
2025-02-14,Tokyo,Japan,21.1,61.8,5.0,1012.2,0
2025-02-14,Singapore,Singapore,30.8,76.2,4.4,1009.1,8.3
2025-02-14,Sydney,Australia,19.7,66.3,5.6,1022.6,0
2025-02-14,Cairo,Egypt,27.5,47.1,2.9,1015.7,0
2025-02-14,São Paulo,Brazil,19.2,77.8,2.6,1019.3,5.4
2025-02-14,Toronto,Canada,12.9,69.0,3.5,1015.1,0
2025-02-15,New York,USA,15.6,58.4,4.2,1008.5,0
2025-02-15,London,UK,12.2,66.3,6.5,1005.3,1.1
2025-02-15,Tokyo,Japan,20.2,60.8,4.8,1010.0,0
2025-02-15,Singapore,Singapore,32.1,74.1,3.9,1007.7,2.2
2025-02-15,Sydney,Australia,18.5,64.5,5.8,1021.5,0
2025-02-15,Cairo,Egypt,27.6,44.2,2.4,1015.7,0
2025-02-15,São Paulo,Brazil,19.3,81.0,2.3,1017.9,6.5
2025-02-15,Toronto,Canada,11.7,69.8,3.1,1017.3,4.7
2025-02-16,New York,USA,15.3,57.1,5.8,1007.2,0
2025-02-16,London,UK,14.4,63.0,6.7,1006.1,0
2025-02-16,Tokyo,Japan,20.7,60.4,5.7,1012.2,0
2025-02-16,Singapore,Singapore,33.4,75.8,3.9,1010.5,2.5
2025-02-16,Sydney,Australia,18.7,63.1,4.7,1023.5,0
2025-02-16,Cairo,Egypt,28.2,43.8,3.1,1017.0,0
2025-02-16,São Paulo,Brazil,17.9,78.3,1.3,1018.4,4.4
2025-02-16,Toronto,Canada,12.9,67.3,3.7,1012.9,0
2025-02-17,New York,USA,17.0,61.3,5.3,1006.6,0
2025-02-17,London,UK,12.9,62.0,6.8,1006.1,0
2025-02-17,Tokyo,Japan,22.2,60.4,4.8,1011.1,0
2025-02-17,Singapore,Singapore,31.9,75.0,3.7,1011.1,0.5
2025-02-17,Sydney,Australia,17.7,66.8,4.5,1021.8,0
2025-02-17,Cairo,Egypt,27.9,47.9,3.0,1018.3,0
2025-02-17,São Paulo,Brazil,17.5,80.5,2.1,1016.0,6.2
2025-02-17,Toronto,Canada,11.5,68.4,3.2,1016.1,0
2025-02-18,New York,USA,16.0,60.0,6.0,1008.2,0
2025-02-18,London,UK,13.8,65.2,6.1,1007.9,0
2025-02-18,Tokyo,Japan,21.8,56.9,4.7,1010.6,0
2025-02-18,Singapore,Singapore,33.0,73.3,2.8,1011.2,1.5
2025-02-18,Sydney,Australia,18.8,68.4,4.7,1023.5,0
2025-02-18,Cairo,Egypt,28.5,47.0,3.4,1016.7,0
2025-02-18,São Paulo,Brazil,17.0,77.8,2.8,1016.6,8.7
2025-02-18,Toronto,Canada,12.0,65.4,4.3,1014.4,0
2025-02-19,New York,USA,16.5,60.3,6.1,1010.0,0
2025-02-19,London,UK,15.3,62.9,6.1,1008.3,0
2025-02-19,Tokyo,Japan,21.6,62.1,5.0,1014.8,0
2025-02-19,Singapore,Singapore,33.6,73.7,3.6,1009.4,1.6
2025-02-19,Sydney,Australia,17.0,69.8,4.5,1023.2,0
2025-02-19,Cairo,Egypt,28.7,46.3,2.9,1016.4,0
2025-02-19,São Paulo,Brazil,17.6,81.1,1.8,1015.9,5.5
2025-02-19,Toronto,Canada,11.6,69.3,4.9,1012.6,2.5
2025-02-20,New York,USA,17.1,57.1,5.1,1007.1,0
2025-02-20,London,UK,15.3,61.6,7.2,1007.6,0
2025-02-20,Tokyo,Japan,23.3,60.0,4.9,1013.3,0
2025-02-20,Singapore,Singapore,32.9,77.3,2.6,1012.1,5.6
2025-02-20,Sydney,Australia,16.9,66.1,4.0,1022.4,0
2025-02-20,Cairo,Egypt,28.8,45.3,3.5,1015.2,0
2025-02-20,São Paulo,Brazil,16.4,80.0,2.9,1015.0,3.3
2025-02-20,Toronto,Canada,12.2,64.5,3.7,1012.7,0
2025-02-21,New York,USA,17.9,58.5,6.2,1008.2,0
2025-02-21,London,UK,14.5,61.2,5.9,1008.8,0
2025-02-21,Tokyo,Japan,24.0,61.7,5.3,1015.0,0
2025-02-21,Singapore,Singapore,33.6,73.1,2.6,1014.1,3.3
2025-02-21,Sydney,Australia,17.8,66.4,4.0,1021.3,0
2025-02-21,Cairo,Egypt,27.0,43.8,2.7,1017.0,0
2025-02-21,São Paulo,Brazil,16.5,81.4,2.4,1016.9,11.9
2025-02-21,Toronto,Canada,13.2,64.1,5.1,1012.8,0
2025-02-22,New York,USA,17.6,57.3,6.5,1007.3,0
2025-02-22,London,UK,15.7,61.8,5.8,1008.4,0
2025-02-22,Tokyo,Japan,23.9,61.3,5.0,1016.3,0
2025-02-22,Singapore,Singapore,34.7,76.5,2.1,1014.5,1.4
2025-02-22,Sydney,Australia,16.9,70.3,4.0,1021.4,4.1
2025-02-22,Cairo,Egypt,27.5,43.7,3.3,1013.8,0
2025-02-22,São Paulo,Brazil,15.2,77.5,1.9,1015.8,8.0
2025-02-22,Toronto,Canada,12.2,65.0,4.5,1013.4,0
2025-02-23,New York,USA,17.6,53.0,6.8,1008.5,0
2025-02-23,London,UK,15.3,62.2,6.3,1006.9,0
2025-02-23,Tokyo,Japan,23.7,57.7,4.0,1016.2,0
2025-02-23,Singapore,Singapore,33.4,78.8,1.8,1014.5,4.6
2025-02-23,Sydney,Australia,17.4,67.6,4.4,1021.6,0
2025-02-23,Cairo,Egypt,28.8,44.7,3.3,1016.9,0
2025-02-23,São Paulo,Brazil,16.8,79.8,2.8,1015.9,10.0
2025-02-23,Toronto,Canada,13.0,63.2,5.1,1011.9,0
2025-02-24,New York,USA,18.2,52.9,6.6,1008.4,0
2025-02-24,London,UK,16.3,60.4,6.4,1009.9,0
2025-02-24,Tokyo,Japan,23.4,63.6,4.7,1015.8,0
2025-02-24,Singapore,Singapore,34.3,75.1,2.5,1015.2,0
2025-02-24,Sydney,Australia,15.8,70.3,4.6,1022.3,1.8
2025-02-24,Cairo,Egypt,27.1,45.1,3.3,1013.1,0
2025-02-24,São Paulo,Brazil,15.2,75.9,2.1,1015.6,1.4
2025-02-24,Toronto,Canada,13.5,61.9,5.6,1012.1,0
2025-02-25,New York,USA,18.5,52.3,5.5,1006.7,0
2025-02-25,London,UK,17.6,62.2,6.4,1008.0,0
2025-02-25,Tokyo,Japan,24.1,61.1,3.4,1017.9,0
2025-02-25,Singapore,Singapore,34.5,80.6,1.8,1013.6,6.7
2025-02-25,Sydney,Australia,16.4,68.9,3.9,1021.9,3.8
2025-02-25,Cairo,Egypt,28.7,44.1,2.9,1015.8,0
2025-02-25,São Paulo,Brazil,14.9,81.2,2.6,1015.0,9.2
2025-02-25,Toronto,Canada,13.0,63.3,5.4,1011.7,0
2025-02-26,New York,USA,20.0,55.4,7.0,1010.0,0
2025-02-26,London,UK,17.9,60.3,5.4,1009.5,0
2025-02-26,Tokyo,Japan,22.9,59.7,4.5,1017.5,0
2025-02-26,Singapore,Singapore,34.2,76.3,2.0,1015.4,7.0
2025-02-26,Sydney,Australia,16.4,73.0,4.2,1022.8,2.3
2025-02-26,Cairo,Egypt,27.2,44.5,3.5,1012.2,0
2025-02-26,São Paulo,Brazil,14.6,78.0,2.4,1013.1,2.9
2025-02-26,Toronto,Canada,13.1,61.0,5.0,1009.3,0
2025-02-27,New York,USA,19.1,51.8,6.9,1009.1,0
2025-02-27,London,UK,17.8,63.4,6.4,1010.0,0
2025-02-27,Tokyo,Japan,24.9,64.4,3.6,1016.8,0
2025-02-27,Singapore,Singapore,34.7,76.2,2.2,1015.8,9.2
2025-02-27,Sydney,Australia,16.4,70.8,4.5,1021.1,2.1
2025-02-27,Cairo,Egypt,28.7,42.9,3.8,1012.9,0
2025-02-27,São Paulo,Brazil,15.5,78.4,3.3,1010.6,2.4
2025-02-27,Toronto,Canada,12.9,59.1,6.3,1008.1,0
2025-02-28,New York,USA,21.2,56.2,5.5,1009.8,0
2025-02-28,London,UK,17.1,62.4,5.3,1012.1,0
2025-02-28,Tokyo,Japan,23.8,61.7,2.9,1017.7,0
2025-02-28,Singapore,Singapore,34.9,80.2,1.4,1014.4,9.9
2025-02-28,Sydney,Australia,14.6,70.8,3.9,1021.9,0
2025-02-28,Cairo,Egypt,27.8,43.1,4.2,1011.1,0
2025-02-28,São Paulo,Brazil,14.0,76.6,3.3,1011.6,5.9
2025-02-28,Toronto,Canada,12.2,63.3,6.0,1010.3,0
2025-03-01,New York,USA,20.0,55.4,6.3,1008.4,0
2025-03-01,London,UK,17.2,62.7,5.4,1009.7,0
2025-03-01,Tokyo,Japan,23.7,64.5,3.1,1019.3,0
2025-03-01,Singapore,Singapore,34.1,77.7,0.7,1016.5,3.2
2025-03-01,Sydney,Australia,15.4,73.5,4.9,1023.7,0.0
2025-03-01,Cairo,Egypt,28.4,43.3,2.8,1010.9,0
2025-03-01,São Paulo,Brazil,14.4,80.1,3.0,1011.0,5.5
2025-03-01,Toronto,Canada,14.3,60.1,6.2,1008.4,0
2025-03-02,New York,USA,22.2,54.4,6.6,1010.2,0
2025-03-02,London,UK,18.4,61.6,4.8,1012.8,0
2025-03-02,Tokyo,Japan,24.5,64.0,3.0,1020.6,0
2025-03-02,Singapore,Singapore,33.9,78.5,1.6,1016.5,9.2
2025-03-02,Sydney,Australia,14.4,75.1,3.9,1021.1,5.5
2025-03-02,Cairo,Egypt,27.8,42.6,4.4,1013.9,0
2025-03-02,São Paulo,Brazil,15.2,78.2,4.5,1009.5,8.4
2025-03-02,Toronto,Canada,12.7,61.3,6.4,1008.5,0
2025-03-03,New York,USA,21.5,51.9,6.5,1009.7,0
2025-03-03,London,UK,19.0,66.9,5.0,1011.0,0.3
2025-03-03,Tokyo,Japan,23.7,65.1,3.0,1019.4,0
2025-03-03,Singapore,Singapore,34.6,81.8,1.1,1016.5,7.6
2025-03-03,Sydney,Australia,14.0,73.7,4.0,1020.1,4.7
2025-03-03,Cairo,Egypt,26.7,44.3,4.0,1010.5,0
2025-03-03,São Paulo,Brazil,13.3,78.3,4.9,1009.8,7.3
2025-03-03,Toronto,Canada,14.5,57.6,5.5,1008.7,0
2025-03-04,New York,USA,21.9,55.1,4.8,1011.0,0
2025-03-04,London,UK,19.1,66.5,5.4,1014.1,0
2025-03-04,Tokyo,Japan,23.8,62.6,2.4,1019.9,0
2025-03-04,Singapore,Singapore,33.7,82.0,1.1,1014.9,11.9
2025-03-04,Sydney,Australia,14.2,71.8,4.7,1022.4,3.5
2025-03-04,Cairo,Egypt,27.7,41.4,3.5,1012.4,0
2025-03-04,São Paulo,Brazil,13.3,74.7,5.1,1010.6,5.4
2025-03-04,Toronto,Canada,13.8,60.8,5.6,1008.7,0
2025-03-05,New York,USA,21.1,54.7,5.2,1012.3,0
2025-03-05,London,UK,19.3,65.7,5.2,1012.5,0
2025-03-05,Tokyo,Japan,25.0,62.6,2.2,1020.0,0
2025-03-05,Singapore,Singapore,33.5,83.5,1.0,1015.3,6.2
2025-03-05,Sydney,Australia,12.4,72.0,5.0,1019.6,3.4
2025-03-05,Cairo,Egypt,27.2,41.3,4.2,1011.2,0
2025-03-05,São Paulo,Brazil,15.2,72.8,4.9,1007.2,3.1
2025-03-05,Toronto,Canada,16.0,60.8,5.9,1007.3,0
2025-03-06,New York,USA,23.6,50.4,5.0,1012.3,0
2025-03-06,London,UK,18.8,64.1,4.0,1012.5,0
2025-03-06,Tokyo,Japan,25.6,64.0,3.2,1021.7,0
2025-03-06,Singapore,Singapore,33.0,83.6,2.0,1014.6,7.5
2025-03-06,Sydney,Australia,12.0,71.5,5.7,1021.5,0
2025-03-06,Cairo,Egypt,28.8,44.7,4.7,1011.0,0
2025-03-06,São Paulo,Brazil,14.3,78.0,3.9,1010.3,5.8
2025-03-06,Toronto,Canada,14.3,59.6,6.6,1007.1,0
2025-03-07,New York,USA,22.4,52.5,4.4,1011.9,0
2025-03-07,London,UK,18.4,64.4,3.9,1015.9,0
2025-03-07,Tokyo,Japan,25.0,66.8,1.9,1022.3,0
2025-03-07,Singapore,Singapore,33.8,81.7,1.2,1015.7,8.2
2025-03-07,Sydney,Australia,13.3,75.7,5.2,1019.0,0.2
2025-03-07,Cairo,Egypt,27.9,43.5,4.7,1010.0,0
2025-03-07,São Paulo,Brazil,14.0,76.4,5.0,1006.5,6.2
2025-03-07,Toronto,Canada,16.4,56.2,5.7,1009.0,0
2025-03-08,New York,USA,24.0,54.1,4.7,1011.1,0
2025-03-08,London,UK,20.5,62.9,4.0,1015.9,0
2025-03-08,Tokyo,Japan,24.3,66.5,2.1,1020.7,1.2
2025-03-08,Singapore,Singapore,32.4,79.4,1.2,1015.7,3.5
2025-03-08,Sydney,Australia,13.0,71.4,4.7,1018.5,0.7
2025-03-08,Cairo,Egypt,27.2,38.7,4.5,1009.1,0
2025-03-08,São Paulo,Brazil,15.0,74.1,3.9,1009.5,7.6
2025-03-08,Toronto,Canada,16.2,55.8,6.0,1009.1,0
2025-03-09,New York,USA,24.5,54.8,4.1,1011.7,0
2025-03-09,London,UK,18.6,66.8,4.9,1017.3,0
2025-03-09,Tokyo,Japan,24.7,65.0,3.0,1021.0,0
2025-03-09,Singapore,Singapore,33.4,78.9,2.2,1015.8,8.7
2025-03-09,Sydney,Australia,12.9,74.3,5.7,1019.9,0.9
2025-03-09,Cairo,Egypt,27.5,42.4,5.3,1008.0,0
2025-03-09,São Paulo,Brazil,13.4,73.9,4.8,1006.5,3.1
2025-03-09,Toronto,Canada,15.9,54.8,6.5,1008.4,0
2025-03-10,New York,USA,22.9,52.0,4.4,1012.8,0
2025-03-10,London,UK,18.3,66.8,4.1,1016.3,2.7
2025-03-10,Tokyo,Japan,23.6,64.6,1.6,1021.0,0
2025-03-10,Singapore,Singapore,32.6,79.2,1.1,1012.8,8.0
2025-03-10,Sydney,Australia,10.9,74.2,5.8,1019.6,0
2025-03-10,Cairo,Egypt,27.7,36.8,5.7,1008.4,0
2025-03-10,São Paulo,Brazil,14.5,72.0,4.8,1007.8,0
2025-03-10,Toronto,Canada,17.2,57.9,5.3,1007.0,0
2025-03-11,New York,USA,23.8,54.9,4.9,1013.8,0
2025-03-11,London,UK,20.4,66.8,3.8,1014.6,0
2025-03-11,Tokyo,Japan,23.0,65.6,1.7,1021.3,0
2025-03-11,Singapore,Singapore,31.8,83.0,2.0,1015.8,8.1
2025-03-11,Sydney,Australia,11.7,72.0,6.6,1016.6,6.3
2025-03-11,Cairo,Egypt,28.8,40.5,4.7,1007.3,0
2025-03-11,São Paulo,Brazil,14.1,75.8,4.8,1008.8,7.0
2025-03-11,Toronto,Canada,17.4,57.7,5.7,1007.9,0
2025-03-12,New York,USA,24.1,53.0,3.4,1013.5,0
2025-03-12,London,UK,19.8,66.6,3.1,1015.6,0
2025-03-12,Tokyo,Japan,23.6,66.0,1.8,1019.6,0
2025-03-12,Singapore,Singapore,31.5,79.1,1.6,1014.7,11.3
2025-03-12,Sydney,Australia,10.7,70.4,5.3,1016.9,0
2025-03-12,Cairo,Egypt,28.2,38.2,6.1,1007.9,0
2025-03-12,São Paulo,Brazil,14.1,72.6,5.2,1007.2,3.2
2025-03-12,Toronto,Canada,17.5,53.8,5.7,1007.7,0
2025-03-13,New York,USA,23.4,55.8,3.6,1014.9,0
2025-03-13,London,UK,20.2,69.5,3.4,1018.7,2.5
2025-03-13,Tokyo,Japan,23.3,69.1,1.9,1022.5,2.3
2025-03-13,Singapore,Singapore,32.3,82.2,2.0,1011.7,11.5
2025-03-13,Sydney,Australia,10.9,73.4,6.8,1015.4,2.0
2025-03-13,Cairo,Egypt,28.4,40.3,4.8,1005.9,0
2025-03-13,São Paulo,Brazil,13.8,70.4,4.3,1006.6,2.0
2025-03-13,Toronto,Canada,17.6,56.2,6.1,1009.3,0
2025-03-14,New York,USA,23.3,54.9,3.2,1016.3,0
2025-03-14,London,UK,19.1,70.5,3.0,1017.6,3.1
2025-03-14,Tokyo,Japan,24.4,65.8,2.5,1021.4,0
2025-03-14,Singapore,Singapore,32.7,80.4,3.1,1012.1,4.3
2025-03-14,Sydney,Australia,10.9,75.2,6.6,1017.4,1.7
2025-03-14,Cairo,Egypt,30.1,40.1,4.8,1006.6,0
2025-03-14,São Paulo,Brazil,13.9,69.9,3.9,1006.3,3.6
2025-03-14,Toronto,Canada,17.3,54.9,5.6,1008.6,0
2025-03-15,New York,USA,24.2,54.6,4.1,1014.5,0
2025-03-15,London,UK,20.2,66.9,4.0,1018.8,0
2025-03-15,Tokyo,Japan,22.8,67.2,2.2,1022.7,0
2025-03-15,Singapore,Singapore,31.7,83.5,2.7,1012.7,10.6
2025-03-15,Sydney,Australia,10.7,72.4,7.1,1016.0,6.4
2025-03-15,Cairo,Egypt,29.9,39.0,4.9,1005.5,0
2025-03-15,São Paulo,Brazil,14.8,69.6,4.5,1007.5,4.0
2025-03-15,Toronto,Canada,19.5,53.9,5.6,1008.8,0
2025-03-16,New York,USA,23.3,53.6,2.8,1016.5,0
2025-03-16,London,UK,18.1,70.7,3.8,1016.0,4.0
2025-03-16,Tokyo,Japan,22.8,69.4,2.6,1021.3,1.1
2025-03-16,Singapore,Singapore,33.4,78.7,3.6,1010.1,2.4
2025-03-16,Sydney,Australia,9.7,70.0,6.2,1014.6,4.1
2025-03-16,Cairo,Egypt,29.3,33.3,5.5,1005.6,0
2025-03-16,São Paulo,Brazil,14.0,69.4,4.4,1006.2,0
2025-03-16,Toronto,Canada,18.8,54.4,5.4,1011.5,0
2025-03-17,New York,USA,24.6,55.3,3.7,1015.5,0
2025-03-17,London,UK,19.4,66.8,3.8,1018.6,0
2025-03-17,Tokyo,Japan,23.4,67.0,2.9,1019.9,0
2025-03-17,Singapore,Singapore,32.8,83.9,3.7,1010.7,9.5
2025-03-17,Sydney,Australia,9.7,72.6,7.2,1013.7,0.5
2025-03-17,Cairo,Egypt,30.5,33.7,5.5,1006.4,0
2025-03-17,São Paulo,Brazil,14.2,71.5,4.2,1008.8,0.7
2025-03-17,Toronto,Canada,18.8,54.2,4.1,1010.5,0
2025-03-18,New York,USA,23.9,53.0,3.2,1019.2,0
2025-03-18,London,UK,19.5,70.7,3.8,1017.6,4.5
2025-03-18,Tokyo,Japan,23.2,69.2,4.3,1021.6,0
2025-03-18,Singapore,Singapore,33.5,81.2,4.0,1009.6,5.7
2025-03-18,Sydney,Australia,10.4,73.1,6.9,1014.4,3.7
2025-03-18,Cairo,Egypt,31.4,36.0,5.2,1004.0,0
2025-03-18,São Paulo,Brazil,15.7,67.6,4.8,1007.2,0
2025-03-18,Toronto,Canada,18.6,55.0,4.2,1012.1,0
2025-03-19,New York,USA,23.7,57.3,4.2,1017.0,0
2025-03-19,London,UK,18.0,69.6,4.2,1019.4,1.5
2025-03-19,Tokyo,Japan,23.6,71.5,3.4,1019.9,0.8
2025-03-19,Singapore,Singapore,31.7,81.5,2.8,1009.1,8.2
2025-03-19,Sydney,Australia,11.4,72.4,6.1,1014.9,0.3
2025-03-19,Cairo,Egypt,31.7,34.0,5.9,1006.6,0
2025-03-19,São Paulo,Brazil,14.7,70.8,3.2,1006.0,0
2025-03-19,Toronto,Canada,20.5,52.1,5.1,1009.3,0
2025-03-20,New York,USA,23.4,57.2,3.9,1018.8,0
2025-03-20,London,UK,18.8,72.7,4.8,1017.0,6.8
2025-03-20,Tokyo,Japan,23.2,68.2,3.2,1017.8,0
2025-03-20,Singapore,Singapore,32.6,79.4,4.1,1008.6,11.1
2025-03-20,Sydney,Australia,10.3,70.6,7.2,1011.4,2.4
2025-03-20,Cairo,Egypt,30.6,30.7,5.0,1003.6,0
2025-03-20,São Paulo,Brazil,15.0,67.8,3.4,1006.4,0
2025-03-20,Toronto,Canada,20.3,52.1,4.8,1012.7,0
2025-03-21,New York,USA,24.1,54.8,4.1,1020.1,0
2025-03-21,London,UK,18.5,68.7,5.0,1018.3,1.4
2025-03-21,Tokyo,Japan,22.4,68.4,3.8,1018.6,3.4
2025-03-21,Singapore,Singapore,31.4,78.8,3.9,1010.4,7.3
2025-03-21,Sydney,Australia,10.8,69.7,6.1,1014.5,0.1
2025-03-21,Cairo,Egypt,31.3,35.9,4.4,1005.0,0
2025-03-21,São Paulo,Brazil,15.7,69.4,3.6,1006.1,0.1
2025-03-21,Toronto,Canada,19.7,54.3,4.7,1010.8,0
2025-03-22,New York,USA,25.1,57.1,3.5,1019.6,0
2025-03-22,London,UK,18.0,71.1,4.6,1019.6,0
2025-03-22,Tokyo,Japan,24.1,67.9,4.4,1017.3,0
2025-03-22,Singapore,Singapore,32.1,78.8,3.5,1010.6,11.1
2025-03-22,Sydney,Australia,9.7,70.1,6.3,1014.5,0
2025-03-22,Cairo,Egypt,31.9,34.1,4.1,1004.6,0
2025-03-22,São Paulo,Brazil,16.8,69.3,3.6,1009.7,0
2025-03-22,Toronto,Canada,19.8,55.0,3.7,1014.3,0
2025-03-23,New York,USA,23.9,57.4,4.4,1019.2,0
2025-03-23,London,UK,18.4,70.8,4.9,1018.8,0
2025-03-23,Tokyo,Japan,22.7,67.0,4.7,1020.2,2.2
2025-03-23,Singapore,Singapore,33.4,79.9,4.1,1007.7,4.3
2025-03-23,Sydney,Australia,10.3,67.9,6.7,1010.3,0
2025-03-23,Cairo,Egypt,32.6,33.1,4.6,1005.5,0
2025-03-23,São Paulo,Brazil,16.3,67.7,3.8,1006.8,3.1
2025-03-23,Toronto,Canada,20.8,55.4,3.3,1014.0,0
2025-03-24,New York,USA,23.8,56.1,3.6,1020.9,0
2025-03-24,London,UK,17.5,71.6,4.6,1018.2,0.3
2025-03-24,Tokyo,Japan,23.3,69.4,4.3,1017.7,2.6
2025-03-24,Singapore,Singapore,33.0,80.4,4.6,1008.8,4.4
2025-03-24,Sydney,Australia,11.5,69.1,6.1,1013.1,2.3
2025-03-24,Cairo,Egypt,33.2,31.9,4.4,1007.0,0
2025-03-24,São Paulo,Brazil,15.6,69.6,3.2,1007.4,2.5
2025-03-24,Toronto,Canada,20.6,56.0,2.9,1015.0,0
2025-03-25,New York,USA,24.2,55.5,4.3,1018.6,0
2025-03-25,London,UK,18.9,74.0,5.5,1017.0,0
2025-03-25,Tokyo,Japan,23.0,66.3,4.5,1016.8,0
2025-03-25,Singapore,Singapore,33.9,76.6,3.6,1008.0,0.7
2025-03-25,Sydney,Australia,10.0,66.3,6.2,1010.7,0
2025-03-25,Cairo,Egypt,34.3,32.4,3.6,1006.2,0
2025-03-25,São Paulo,Brazil,14.8,69.1,2.3,1008.9,0
2025-03-25,Toronto,Canada,19.9,53.7,3.0,1013.4,0
2025-03-26,New York,USA,22.2,59.3,3.9,1020.8,0
2025-03-26,London,UK,17.2,71.5,5.4,1017.3,1.5
2025-03-26,Tokyo,Japan,24.1,70.2,5.4,1015.5,3.6
2025-03-26,Singapore,Singapore,33.0,78.3,4.6,1005.2,9.3
2025-03-26,Sydney,Australia,11.6,68.2,7.0,1010.3,0
2025-03-26,Cairo,Egypt,32.4,29.9,4.2,1004.1,0
2025-03-26,São Paulo,Brazil,15.2,66.9,2.5,1010.0,0
2025-03-26,Toronto,Canada,21.0,52.5,3.0,1015.6,0
2025-03-27,New York,USA,23.6,61.4,4.8,1018.1,0
2025-03-27,London,UK,18.6,74.6,5.5,1015.1,3.8
2025-03-27,Tokyo,Japan,23.9,70.8,4.4,1018.0,0.0
2025-03-27,Singapore,Singapore,34.3,79.7,3.4,1006.4,10.8
2025-03-27,Sydney,Australia,10.8,65.3,6.0,1011.8,0
2025-03-27,Cairo,Egypt,33.8,31.5,3.4,1007.7,0
2025-03-27,São Paulo,Brazil,15.3,70.3,2.6,1010.8,0
2025-03-27,Toronto,Canada,19.5,53.8,3.2,1017.5,0
2025-03-28,New York,USA,22.2,58.3,5.0,1018.1,0
2025-03-28,London,UK,18.7,72.1,6.5,1016.7,0
2025-03-28,Tokyo,Japan,22.2,65.4,5.1,1016.3,0
2025-03-28,Singapore,Singapore,34.1,79.6,4.5,1005.3,5.3
2025-03-28,Sydney,Australia,11.9,65.1,5.6,1011.5,0.5
2025-03-28,Cairo,Egypt,33.5,32.1,2.8,1005.7,0
2025-03-28,São Paulo,Brazil,16.2,71.0,1.5,1009.9,1.3
2025-03-28,Toronto,Canada,20.4,56.7,3.4,1016.8,0
2025-03-29,New York,USA,23.1,57.6,4.8,1019.4,0
2025-03-29,London,UK,18.1,72.5,6.0,1014.6,3.8
2025-03-29,Tokyo,Japan,23.8,69.4,5.6,1015.4,3.3
2025-03-29,Singapore,Singapore,33.9,76.1,4.7,1006.0,6.0
2025-03-29,Sydney,Australia,12.1,66.6,5.4,1011.3,0
2025-03-29,Cairo,Egypt,33.0,29.1,3.5,1006.1,0
2025-03-29,São Paulo,Brazil,16.2,69.4,2.8,1009.7,2.0
2025-03-29,Toronto,Canada,20.6,56.1,3.8,1015.0,0
2025-03-30,New York,USA,22.0,63.0,5.2,1020.0,0
2025-03-30,London,UK,18.3,75.8,6.4,1015.8,3.1
2025-03-30,Tokyo,Japan,22.5,70.4,4.6,1015.1,0
2025-03-30,Singapore,Singapore,33.4,74.7,4.6,1005.6,3.8
2025-03-30,Sydney,Australia,11.2,65.5,5.7,1011.5,0
2025-03-30,Cairo,Egypt,35.4,29.9,3.8,1007.0,0
2025-03-30,São Paulo,Brazil,15.2,70.6,2.3,1012.0,3.3
2025-03-30,Toronto,Canada,20.0,53.9,4.0,1015.9,0
2025-03-31,New York,USA,23.2,60.8,4.7,1019.9,0
2025-03-31,London,UK,18.7,70.4,7.1,1016.3,3.0
2025-03-31,Tokyo,Japan,24.6,65.5,4.8,1012.9,0
2025-03-31,Singapore,Singapore,33.9,73.8,3.0,1006.0,3.4
2025-03-31,Sydney,Australia,11.6,66.4,5.2,1009.5,0
2025-03-31,Cairo,Egypt,35.2,27.6,2.7,1005.8,0
2025-03-31,São Paulo,Brazil,16.7,72.3,2.3,1013.7,5.7
2025-03-31,Toronto,Canada,20.9,52.5,4.3,1017.1,0
2025-04-01,New York,USA,22.0,60.9,5.9,1019.2,0
2025-04-01,London,UK,18.5,72.0,5.9,1013.9,5.9
2025-04-01,Tokyo,Japan,24.9,69.8,4.8,1012.8,2.4
2025-04-01,Singapore,Singapore,35.0,76.7,3.8,1003.9,7.6
2025-04-01,Sydney,Australia,11.4,62.6,5.7,1012.4,0
2025-04-01,Cairo,Egypt,35.2,31.2,2.8,1008.8,0
2025-04-01,São Paulo,Brazil,16.0,72.0,2.3,1011.6,5.9
2025-04-01,Toronto,Canada,19.7,54.8,3.1,1019.9,0
2025-04-02,New York,USA,23.2,60.3,5.9,1020.0,0
2025-04-02,London,UK,17.5,72.0,6.5,1014.0,0
2025-04-02,Tokyo,Japan,24.1,65.3,4.4,1014.8,0.7
2025-04-02,Singapore,Singapore,34.2,76.5,3.5,1005.0,4.9
2025-04-02,Sydney,Australia,11.5,66.4,5.7,1010.2,1.0
2025-04-02,Cairo,Egypt,35.0,26.6,2.1,1007.3,0
2025-04-02,São Paulo,Brazil,14.3,68.0,2.2,1013.3,0.7
2025-04-02,Toronto,Canada,19.8,54.6,4.3,1017.3,0
2025-04-03,New York,USA,22.5,61.7,5.2,1019.3,0
2025-04-03,London,UK,16.6,75.2,6.9,1014.3,0.1
2025-04-03,Tokyo,Japan,23.7,68.2,4.4,1011.8,0.8
2025-04-03,Singapore,Singapore,34.8,71.6,3.4,1002.6,0
2025-04-03,Sydney,Australia,12.8,66.4,4.8,1011.9,0
2025-04-03,Cairo,Egypt,35.9,29.7,2.9,1009.5,0
2025-04-03,São Paulo,Brazil,14.7,70.8,1.4,1016.1,5.4
2025-04-03,Toronto,Canada,20.8,56.2,4.3,1019.7,0
2025-04-04,New York,USA,22.1,63.1,5.8,1019.5,0
2025-04-04,London,UK,18.1,71.5,6.5,1014.8,0
2025-04-04,Tokyo,Japan,25.6,64.7,5.0,1013.2,0
2025-04-04,Singapore,Singapore,35.3,71.8,3.2,1004.2,4.5
2025-04-04,Sydney,Australia,12.6,61.6,5.4,1013.0,0
2025-04-04,Cairo,Egypt,35.6,28.7,3.3,1007.2,0
2025-04-04,São Paulo,Brazil,15.3,72.6,2.4,1016.2,4.3
2025-04-04,Toronto,Canada,20.7,59.8,3.8,1019.0,0
2025-04-05,New York,USA,21.5,63.4,5.4,1019.5,0
2025-04-05,London,UK,18.0,72.2,6.4,1013.7,5.3
2025-04-05,Tokyo,Japan,23.8,63.1,5.1,1011.0,0
2025-04-05,Singapore,Singapore,36.3,73.6,2.3,1004.1,1.2
2025-04-05,Sydney,Australia,13.2,61.3,5.3,1011.4,0
2025-04-05,Cairo,Egypt,34.4,26.8,1.9,1008.4,0
2025-04-05,São Paulo,Brazil,14.0,72.5,1.8,1016.9,2.3
2025-04-05,Toronto,Canada,18.9,60.2,4.2,1019.6,0
2025-04-06,New York,USA,22.4,62.7,6.0,1016.5,0
2025-04-06,London,UK,18.0,70.9,6.5,1012.1,0
2025-04-06,Tokyo,Japan,24.9,66.0,4.5,1009.2,0
2025-04-06,Singapore,Singapore,35.7,72.3,2.5,1002.6,3.2
2025-04-06,Sydney,Australia,13.3,66.1,4.6,1012.0,0
2025-04-06,Cairo,Egypt,35.2,26.3,2.1,1010.4,0
2025-04-06,São Paulo,Brazil,13.4,69.0,2.9,1017.1,0
2025-04-06,Toronto,Canada,19.1,55.4,5.3,1019.4,0
2025-04-07,New York,USA,21.9,62.5,5.7,1016.4,0
2025-04-07,London,UK,18.2,72.3,6.1,1012.5,1.3
2025-04-07,Tokyo,Japan,24.5,66.9,3.8,1009.3,0
2025-04-07,Singapore,Singapore,35.7,73.0,1.7,1001.5,5.2
2025-04-07,Sydney,Australia,13.3,62.7,3.7,1011.7,0
2025-04-07,Cairo,Egypt,34.8,26.8,3.4,1010.8,0
2025-04-07,São Paulo,Brazil,13.5,69.5,1.8,1016.4,0
2025-04-07,Toronto,Canada,17.8,57.1,4.4,1020.5,0
2025-04-08,New York,USA,21.4,62.4,5.5,1018.4,0
2025-04-08,London,UK,18.1,74.0,6.4,1012.3,2.4
2025-04-08,Tokyo,Japan,26.6,62.5,4.9,1012.1,0
2025-04-08,Singapore,Singapore,36.5,72.7,2.1,1001.6,5.9
2025-04-08,Sydney,Australia,13.5,62.8,4.3,1014.4,0
2025-04-08,Cairo,Egypt,35.2,26.1,3.5,1010.0,0
2025-04-08,São Paulo,Brazil,13.8,72.4,2.2,1017.6,0
2025-04-08,Toronto,Canada,19.7,59.9,4.3,1018.3,0
2025-04-09,New York,USA,23.3,61.4,5.4,1017.5,0
2025-04-09,London,UK,18.0,73.5,6.9,1011.0,4.5
2025-04-09,Tokyo,Japan,25.6,66.1,4.4,1009.0,0
2025-04-09,Singapore,Singapore,38.4,69.7,2.1,1001.8,0
2025-04-09,Sydney,Australia,13.8,60.6,4.3,1012.7,0
2025-04-09,Cairo,Egypt,34.2,27.6,3.2,1013.4,0
2025-04-09,São Paulo,Brazil,13.9,76.1,3.5,1017.0,0.9
2025-04-09,Toronto,Canada,18.6,56.2,5.4,1019.1,0
2025-04-10,New York,USA,22.9,64.2,5.5,1015.3,0
2025-04-10,London,UK,19.3,72.6,5.9,1009.2,0
2025-04-10,Tokyo,Japan,27.0,64.9,3.1,1011.1,0.1
2025-04-10,Singapore,Singapore,37.8,72.8,1.3,1004.5,6.1
2025-04-10,Sydney,Australia,11.7,61.3,4.0,1014.0,0
2025-04-10,Cairo,Egypt,35.4,27.4,2.9,1014.0,0
2025-04-10,São Paulo,Brazil,13.5,75.3,2.6,1015.9,3.5
2025-04-10,Toronto,Canada,18.4,58.4,5.3,1020.6,0
2025-04-11,New York,USA,22.8,61.5,5.7,1015.2,0
2025-04-11,London,UK,19.4,73.1,6.1,1007.4,0
2025-04-11,Tokyo,Japan,26.4,65.1,3.5,1010.5,0
2025-04-11,Singapore,Singapore,37.9,69.8,1.0,1001.5,1.0
2025-04-11,Sydney,Australia,13.6,65.3,3.9,1013.2,1.5
2025-04-11,Cairo,Egypt,35.8,31.0,2.7,1014.2,0
2025-04-11,São Paulo,Brazil,12.5,73.7,2.9,1019.5,2.4
2025-04-11,Toronto,Canada,18.9,61.0,5.1,1019.8,0
2025-04-12,New York,USA,21.3,65.8,6.8,1017.4,0
2025-04-12,London,UK,19.5,69.6,6.5,1007.8,0
2025-04-12,Tokyo,Japan,27.2,62.8,3.4,1008.1,0
2025-04-12,Singapore,Singapore,37.7,69.8,1.7,1002.4,2.1
2025-04-12,Sydney,Australia,13.5,62.4,4.7,1015.5,0
2025-04-12,Cairo,Egypt,35.6,30.4,3.2,1015.0,0
2025-04-12,São Paulo,Brazil,12.3,75.3,2.8,1017.9,0.1
2025-04-12,Toronto,Canada,19.4,60.5,6.0,1021.8,0
2025-04-13,New York,USA,21.9,63.5,6.1,1014.5,0
2025-04-13,London,UK,18.4,71.1,6.3,1009.8,0
2025-04-13,Tokyo,Japan,26.2,62.7,3.2,1010.9,0
2025-04-13,Singapore,Singapore,38.9,70.5,1.8,1004.9,2.7
2025-04-13,Sydney,Australia,12.6,61.3,4.2,1016.5,0
2025-04-13,Cairo,Egypt,34.8,31.6,3.8,1012.4,0
2025-04-13,São Paulo,Brazil,12.5,72.8,3.1,1019.4,0
2025-04-13,Toronto,Canada,17.9,58.2,5.8,1021.7,0
2025-04-14,New York,USA,22.5,62.3,6.8,1016.2,0
2025-04-14,London,UK,19.9,71.1,5.5,1007.1,4.0
2025-04-14,Tokyo,Japan,26.3,62.7,3.2,1009.6,0
2025-04-14,Singapore,Singapore,39.5,70.1,1.1,1003.0,4.8
2025-04-14,Sydney,Australia,13.2,61.5,4.8,1015.6,0
2025-04-14,Cairo,Egypt,35.3,28.5,4.3,1015.4,0
2025-04-14,São Paulo,Brazil,11.8,73.6,4.2,1019.1,2.9
2025-04-14,Toronto,Canada,18.2,63.4,6.2,1018.9,0
2025-04-15,New York,USA,22.9,66.0,6.5,1014.0,0.9
2025-04-15,London,UK,19.1,70.3,4.7,1009.2,0
2025-04-15,Tokyo,Japan,28.4,56.9,2.6,1008.8,0
2025-04-15,Singapore,Singapore,37.7,64.8,0.7,1006.2,0
2025-04-15,Sydney,Australia,13.2,61.7,4.2,1015.7,0
2025-04-15,Cairo,Egypt,34.8,27.6,4.3,1015.3,0
2025-04-15,São Paulo,Brazil,10.8,77.0,3.6,1017.6,5.4
2025-04-15,Toronto,Canada,18.4,64.3,6.3,1018.5,0.2
2025-04-16,New York,USA,22.7,62.8,6.0,1012.9,0
2025-04-16,London,UK,20.1,69.2,5.5,1006.0,0
2025-04-16,Tokyo,Japan,27.2,61.4,2.8,1009.4,0
2025-04-16,Singapore,Singapore,38.0,66.2,2.0,1005.5,0
2025-04-16,Sydney,Australia,12.8,65.5,3.7,1016.4,0
2025-04-16,Cairo,Egypt,33.0,30.1,4.0,1015.6,0
2025-04-16,São Paulo,Brazil,11.9,74.4,4.8,1018.8,4.5
2025-04-16,Toronto,Canada,17.4,65.1,6.7,1019.4,0
2025-04-17,New York,USA,24.0,64.0,4.9,1014.6,0
2025-04-17,London,UK,21.1,70.2,4.3,1006.6,0
2025-04-17,Tokyo,Japan,28.2,58.4,3.0,1008.8,0
2025-04-17,Singapore,Singapore,39.1,64.3,1.1,1003.2,0
2025-04-17,Sydney,Australia,11.4,61.4,4.7,1015.8,0
2025-04-17,Cairo,Egypt,33.9,27.6,4.3,1015.2,0
2025-04-17,São Paulo,Brazil,10.8,79.1,4.4,1017.9,3.5
2025-04-17,Toronto,Canada,18.4,60.5,7.0,1017.6,0
2025-04-18,New York,USA,23.1,60.3,5.2,1013.1,0
2025-04-18,London,UK,21.0,67.8,4.7,1005.0,0.3
2025-04-18,Tokyo,Japan,29.2,59.4,2.0,1007.9,0
2025-04-18,Singapore,Singapore,39.1,66.9,1.0,1004.6,1.8
2025-04-18,Sydney,Australia,11.5,60.8,4.6,1018.8,0
2025-04-18,Cairo,Egypt,33.2,31.5,4.0,1014.9,0
2025-04-18,São Paulo,Brazil,11.2,79.2,3.8,1020.7,6.2
2025-04-18,Toronto,Canada,17.2,65.5,6.5,1019.7,0
2025-04-19,New York,USA,24.5,62.8,5.3,1012.9,0
2025-04-19,London,UK,22.2,70.3,3.9,1004.6,0
2025-04-19,Tokyo,Japan,29.2,57.7,2.5,1010.6,0
2025-04-19,Singapore,Singapore,38.4,65.0,0.7,1007.0,0
2025-04-19,Sydney,Australia,11.9,60.4,5.0,1018.6,0
2025-04-19,Cairo,Egypt,32.8,31.3,4.9,1017.5,0
2025-04-19,São Paulo,Brazil,9.7,80.9,4.2,1017.3,3.9
2025-04-19,Toronto,Canada,18.0,66.0,5.9,1016.7,0
2025-04-20,New York,USA,24.0,63.8,5.1,1010.7,0
2025-04-20,London,UK,22.5,66.8,4.7,1004.9,0
2025-04-20,Tokyo,Japan,29.5,54.5,2.6,1008.0,0
2025-04-20,Singapore,Singapore,38.0,65.7,1.4,1006.9,0
2025-04-20,Sydney,Australia,11.6,66.0,4.5,1020.5,0
2025-04-20,Cairo,Egypt,33.0,31.3,4.3,1017.9,0
2025-04-20,São Paulo,Brazil,10.8,80.2,4.9,1020.6,8.8
2025-04-20,Toronto,Canada,16.5,61.3,6.3,1018.8,0
2025-04-21,New York,USA,24.2,64.2,5.4,1009.4,0
2025-04-21,London,UK,21.6,66.4,4.3,1006.3,0.2
2025-04-21,Tokyo,Japan,28.6,58.1,2.5,1008.7,0
2025-04-21,Singapore,Singapore,38.2,65.3,1.4,1005.3,0
2025-04-21,Sydney,Australia,12.2,60.6,5.6,1020.0,0
2025-04-21,Cairo,Egypt,32.0,34.0,5.1,1014.9,0
2025-04-21,São Paulo,Brazil,11.4,81.4,4.1,1019.1,4.6
2025-04-21,Toronto,Canada,17.2,63.3,5.9,1018.9,0
2025-04-22,New York,USA,24.5,58.6,4.1,1011.0,0
2025-04-22,London,UK,22.8,63.2,3.3,1004.2,0
2025-04-22,Tokyo,Japan,28.9,57.2,2.9,1011.7,0
2025-04-22,Singapore,Singapore,39.0,64.6,1.8,1008.8,0
2025-04-22,Sydney,Australia,10.9,65.4,6.2,1018.7,0
2025-04-22,Cairo,Egypt,32.7,30.1,4.6,1016.4,0
2025-04-22,São Paulo,Brazil,10.9,82.1,5.3,1017.7,5.8
2025-04-22,Toronto,Canada,17.3,64.0,6.3,1016.0,0
2025-04-23,New York,USA,23.7,62.5,4.1,1010.2,0
2025-04-23,London,UK,22.1,66.9,4.3,1004.4,0
2025-04-23,Tokyo,Japan,29.2,57.7,3.0,1012.3,0
2025-04-23,Singapore,Singapore,37.7,66.3,2.6,1006.6,1.5
2025-04-23,Sydney,Australia,11.5,65.0,4.9,1018.9,1.1
2025-04-23,Cairo,Egypt,32.2,31.3,4.5,1018.9,0
2025-04-23,São Paulo,Brazil,11.3,83.0,4.4,1020.2,10.5
2025-04-23,Toronto,Canada,17.4,65.5,5.5,1016.0,0
2025-04-24,New York,USA,25.6,58.6,3.9,1010.1,0
2025-04-24,London,UK,22.3,62.4,4.1,1005.2,0
2025-04-24,Tokyo,Japan,28.1,53.7,3.2,1010.3,0
2025-04-24,Singapore,Singapore,39.6,63.3,2.0,1009.9,0
2025-04-24,Sydney,Australia,11.4,64.8,6.7,1021.9,0
2025-04-24,Cairo,Egypt,32.8,34.9,5.0,1018.2,0
2025-04-24,São Paulo,Brazil,10.0,82.2,5.0,1020.0,7.1
2025-04-24,Toronto,Canada,18.5,63.4,6.3,1014.2,0
2025-04-25,New York,USA,24.9,57.6,4.8,1007.7,0
2025-04-25,London,UK,23.1,61.6,4.4,1007.1,0
2025-04-25,Tokyo,Japan,28.7,57.6,2.8,1010.6,0
2025-04-25,Singapore,Singapore,38.4,67.4,2.5,1008.3,0
2025-04-25,Sydney,Australia,9.2,66.1,6.6,1020.4,0.2
2025-04-25,Cairo,Egypt,32.3,35.8,5.8,1015.3,0
2025-04-25,São Paulo,Brazil,11.0,83.7,4.2,1019.1,8.2
2025-04-25,Toronto,Canada,17.9,64.9,6.2,1015.8,0
2025-04-26,New York,USA,26.4,60.0,3.9,1008.5,0
2025-04-26,London,UK,22.4,63.4,3.5,1005.7,0
2025-04-26,Tokyo,Japan,29.1,57.3,2.3,1011.0,0
2025-04-26,Singapore,Singapore,38.8,67.5,2.5,1010.9,2.4
2025-04-26,Sydney,Australia,10.5,62.6,5.5,1020.5,0
2025-04-26,Cairo,Egypt,31.9,36.2,5.4,1018.3,0
2025-04-26,São Paulo,Brazil,9.7,80.6,5.5,1015.6,8.3
2025-04-26,Toronto,Canada,17.1,63.5,5.4,1013.3,0
2025-04-27,New York,USA,26.2,57.5,3.6,1007.1,0
2025-04-27,London,UK,23.9,61.1,3.7,1004.8,0
2025-04-27,Tokyo,Japan,28.3,53.4,2.8,1014.0,0
2025-04-27,Singapore,Singapore,38.8,64.7,2.5,1011.7,0
2025-04-27,Sydney,Australia,8.9,67.4,6.9,1021.5,0.2
2025-04-27,Cairo,Egypt,33.2,34.7,5.9,1014.9,0
2025-04-27,São Paulo,Brazil,9.3,81.0,4.6,1016.2,11.7
2025-04-27,Toronto,Canada,18.3,62.1,6.0,1016.1,0
2025-04-28,New York,USA,25.7,56.3,3.4,1009.1,0
2025-04-28,London,UK,24.1,61.6,4.1,1005.2,0
2025-04-28,Tokyo,Japan,30.2,53.4,3.3,1012.0,0
2025-04-28,Singapore,Singapore,37.1,67.7,2.8,1009.0,0.7
2025-04-28,Sydney,Australia,10.5,68.8,7.1,1022.1,0
2025-04-28,Cairo,Egypt,31.0,35.7,5.0,1016.0,0
2025-04-28,São Paulo,Brazil,8.7,80.4,5.1,1018.2,10.8
2025-04-28,Toronto,Canada,19.1,65.3,4.8,1012.9,0
2025-04-29,New York,USA,25.3,60.7,3.1,1008.9,0
2025-04-29,London,UK,23.9,59.7,3.9,1005.9,0
2025-04-29,Tokyo,Japan,29.9,53.7,3.5,1014.3,0
2025-04-29,Singapore,Singapore,38.6,65.5,3.7,1010.2,0
2025-04-29,Sydney,Australia,9.5,65.7,6.6,1023.8,0.3
2025-04-29,Cairo,Egypt,32.8,34.2,5.8,1016.5,0
2025-04-29,São Paulo,Brazil,9.1,85.3,4.3,1015.4,12.0
2025-04-29,Toronto,Canada,19.7,62.9,5.7,1011.3,0
2025-04-30,New York,USA,25.9,54.9,3.8,1008.3,0
2025-04-30,London,UK,23.7,60.5,3.5,1006.7,0
2025-04-30,Tokyo,Japan,28.7,53.0,2.6,1014.6,0
2025-04-30,Singapore,Singapore,37.4,63.0,3.7,1013.2,0
2025-04-30,Sydney,Australia,7.9,66.4,7.5,1023.1,0
2025-04-30,Cairo,Egypt,30.7,34.1,5.8,1014.5,0
2025-04-30,São Paulo,Brazil,10.7,85.5,3.5,1015.5,9.2
2025-04-30,Toronto,Canada,20.0,63.3,5.2,1012.8,0
2025-05-01,New York,USA,26.1,54.9,3.9,1008.7,0
2025-05-01,London,UK,22.7,59.0,3.3,1005.5,0
2025-05-01,Tokyo,Japan,29.3,53.9,4.2,1013.6,0
2025-05-01,Singapore,Singapore,38.2,67.2,4.1,1013.9,0.7
2025-05-01,Sydney,Australia,8.9,66.2,6.1,1022.6,0
2025-05-01,Cairo,Egypt,31.1,37.0,5.5,1014.1,0
2025-05-01,São Paulo,Brazil,10.9,84.2,4.5,1017.1,9.6
2025-05-01,Toronto,Canada,18.4,62.9,5.0,1011.4,0
2025-05-02,New York,USA,27.0,56.4,3.5,1008.1,0
2025-05-02,London,UK,23.8,59.7,4.8,1005.9,0
2025-05-02,Tokyo,Japan,27.6,51.1,4.3,1014.6,0
2025-05-02,Singapore,Singapore,38.3,65.4,3.8,1012.1,0
2025-05-02,Sydney,Australia,9.4,65.6,6.1,1023.7,0
2025-05-02,Cairo,Egypt,30.7,39.6,5.2,1014.8,0
2025-05-02,São Paulo,Brazil,10.4,81.5,3.6,1013.5,6.9
2025-05-02,Toronto,Canada,20.1,66.2,3.7,1013.5,0
2025-05-03,New York,USA,25.8,58.0,4.1,1009.9,0
2025-05-03,London,UK,22.9,57.6,4.3,1009.7,0
2025-05-03,Tokyo,Japan,29.2,53.3,4.2,1013.3,0
2025-05-03,Singapore,Singapore,36.4,63.4,3.5,1012.4,0
2025-05-03,Sydney,Australia,7.6,66.9,7.6,1022.0,0
2025-05-03,Cairo,Egypt,31.4,36.1,4.6,1015.4,0
2025-05-03,São Paulo,Brazil,10.5,82.2,3.9,1016.2,13.3
2025-05-03,Toronto,Canada,20.0,65.6,5.0,1011.3,0
2025-05-04,New York,USA,28.1,53.5,3.8,1007.8,0
2025-05-04,London,UK,22.0,60.8,4.0,1009.4,0
2025-05-04,Tokyo,Japan,27.8,51.7,4.6,1014.8,0
2025-05-04,Singapore,Singapore,36.1,69.2,3.3,1013.6,0
2025-05-04,Sydney,Australia,8.9,66.7,6.5,1024.1,0
2025-05-04,Cairo,Egypt,32.7,39.4,5.2,1013.5,0
2025-05-04,São Paulo,Brazil,10.3,85.3,4.2,1013.6,15.2
2025-05-04,Toronto,Canada,20.0,64.1,3.8,1010.0,0
2025-05-05,New York,USA,28.2,55.8,2.9,1006.3,0
2025-05-05,London,UK,22.0,57.9,4.6,1008.6,0
2025-05-05,Tokyo,Japan,28.2,50.2,5.0,1015.7,0
2025-05-05,Singapore,Singapore,36.8,66.5,4.7,1011.9,0
2025-05-05,Sydney,Australia,9.2,67.2,7.2,1023.5,2.1
2025-05-05,Cairo,Egypt,32.6,37.8,4.9,1014.5,0
2025-05-05,São Paulo,Brazil,11.1,85.9,3.3,1013.0,10.3
2025-05-05,Toronto,Canada,20.6,67.0,3.3,1008.7,0
2025-05-06,New York,USA,27.9,53.7,4.1,1008.8,0
2025-05-06,London,UK,22.1,60.6,5.3,1010.2,0
2025-05-06,Tokyo,Japan,27.3,54.3,4.3,1018.7,0
2025-05-06,Singapore,Singapore,37.0,68.3,3.7,1013.8,0
2025-05-06,Sydney,Australia,8.1,68.6,6.7,1021.5,0
2025-05-06,Cairo,Egypt,31.1,36.8,4.2,1013.6,0
2025-05-06,São Paulo,Brazil,11.7,86.9,3.3,1013.2,12.1
2025-05-06,Toronto,Canada,19.1,62.4,3.6,1011.9,0
2025-05-07,New York,USA,27.3,54.9,4.3,1010.3,0
2025-05-07,London,UK,21.9,59.8,5.0,1009.4,0
2025-05-07,Tokyo,Japan,27.1,51.6,5.4,1018.3,0
2025-05-07,Singapore,Singapore,35.8,68.6,4.8,1015.5,0
2025-05-07,Sydney,Australia,8.4,72.3,6.6,1021.8,5.9
2025-05-07,Cairo,Egypt,32.4,39.7,4.9,1013.6,0
2025-05-07,São Paulo,Brazil,10.6,83.6,3.1,1013.2,6.2
2025-05-07,Toronto,Canada,19.3,64.2,3.9,1007.7,0.0
2025-05-08,New York,USA,26.2,55.9,4.2,1007.2,0
2025-05-08,London,UK,23.3,60.5,6.1,1011.9,0
2025-05-08,Tokyo,Japan,28.1,54.8,4.6,1016.9,0
2025-05-08,Singapore,Singapore,35.2,68.4,4.3,1015.5,0
2025-05-08,Sydney,Australia,6.9,73.1,5.8,1023.4,5.1
2025-05-08,Cairo,Egypt,32.0,39.3,4.6,1011.2,0
2025-05-08,São Paulo,Brazil,11.5,86.6,2.1,1010.9,14.7
2025-05-08,Toronto,Canada,19.9,65.2,3.3,1010.0,1.4
2025-05-09,New York,USA,26.5,52.4,3.6,1007.6,0
2025-05-09,London,UK,23.3,59.5,5.4,1011.8,0
2025-05-09,Tokyo,Japan,27.8,54.7,5.6,1016.6,0
2025-05-09,Singapore,Singapore,34.4,71.5,4.8,1015.2,3.6
2025-05-09,Sydney,Australia,7.6,69.9,5.7,1022.6,2.3
2025-05-09,Cairo,Egypt,31.7,37.3,4.0,1011.2,0
2025-05-09,São Paulo,Brazil,12.2,83.5,2.6,1011.8,6.9
2025-05-09,Toronto,Canada,20.7,60.2,3.2,1008.9,0
2025-05-10,New York,USA,27.8,53.8,4.5,1008.0,0
2025-05-10,London,UK,22.0,57.5,5.2,1013.6,0
2025-05-10,Tokyo,Japan,26.6,56.4,4.9,1020.5,0
2025-05-10,Singapore,Singapore,34.8,68.5,4.4,1016.3,0
2025-05-10,Sydney,Australia,8.5,72.3,5.7,1023.4,4.8
2025-05-10,Cairo,Egypt,33.2,39.4,3.9,1013.3,0
2025-05-10,São Paulo,Brazil,11.9,83.7,2.1,1010.0,9.8
2025-05-10,Toronto,Canada,22.2,62.7,4.3,1008.6,0
2025-05-11,New York,USA,27.0,52.6,4.3,1008.3,0
2025-05-11,London,UK,21.8,57.1,5.7,1011.9,0
2025-05-11,Tokyo,Japan,26.7,52.6,4.9,1019.5,0
2025-05-11,Singapore,Singapore,34.5,68.8,4.5,1016.6,0
2025-05-11,Sydney,Australia,8.3,70.5,6.5,1022.7,4.3
2025-05-11,Cairo,Egypt,33.2,38.9,4.2,1010.3,0
2025-05-11,São Paulo,Brazil,12.6,85.0,1.8,1008.1,10.6
2025-05-11,Toronto,Canada,22.1,62.0,4.0,1007.4,0
2025-05-12,New York,USA,27.9,53.6,4.3,1010.0,0
2025-05-12,London,UK,21.8,60.2,6.6,1012.0,0
2025-05-12,Tokyo,Japan,25.0,56.4,5.1,1019.9,0
2025-05-12,Singapore,Singapore,34.2,73.0,4.3,1013.1,2.3
2025-05-12,Sydney,Australia,8.3,76.0,6.1,1020.1,1.0
2025-05-12,Cairo,Egypt,31.9,40.4,3.6,1009.3,0
2025-05-12,São Paulo,Brazil,11.4,85.4,2.1,1011.6,7.1
2025-05-12,Toronto,Canada,22.1,64.5,3.1,1009.9,0
2025-05-13,New York,USA,27.7,51.1,5.2,1008.9,0
2025-05-13,London,UK,20.6,59.1,6.9,1011.6,0
2025-05-13,Tokyo,Japan,25.6,55.1,5.6,1020.1,0
2025-05-13,Singapore,Singapore,35.8,71.1,3.8,1015.1,1.6
2025-05-13,Sydney,Australia,7.0,76.4,5.5,1021.9,6.8
2025-05-13,Cairo,Egypt,33.3,43.4,4.0,1011.3,0
2025-05-13,São Paulo,Brazil,12.4,86.7,1.5,1010.0,9.9
2025-05-13,Toronto,Canada,20.4,63.6,3.0,1006.4,0
2025-05-14,New York,USA,27.0,54.1,4.3,1011.0,0
2025-05-14,London,UK,20.9,55.8,5.7,1015.6,0
2025-05-14,Tokyo,Japan,26.0,53.8,4.5,1019.3,0
2025-05-14,Singapore,Singapore,35.4,69.8,4.0,1016.0,0.9
2025-05-14,Sydney,Australia,8.3,72.3,6.0,1022.2,2.8
2025-05-14,Cairo,Egypt,34.0,39.0,3.8,1008.9,0
2025-05-14,São Paulo,Brazil,12.3,83.0,2.0,1010.1,12.6
2025-05-14,Toronto,Canada,22.8,60.5,4.2,1009.3,0
2025-05-15,New York,USA,25.4,50.3,4.8,1012.8,0
2025-05-15,London,UK,21.7,59.9,5.8,1014.5,0
2025-05-15,Tokyo,Japan,26.0,55.8,5.7,1019.1,0
2025-05-15,Singapore,Singapore,34.5,72.7,4.2,1015.3,4.5
2025-05-15,Sydney,Australia,8.3,75.9,6.0,1019.0,1.0
2025-05-15,Cairo,Egypt,32.9,39.0,2.3,1008.6,0
2025-05-15,São Paulo,Brazil,12.4,83.8,1.9,1007.2,12.8
2025-05-15,Toronto,Canada,22.4,57.6,3.1,1006.9,0
2025-05-16,New York,USA,26.3,48.3,6.1,1012.0,0
2025-05-16,London,UK,21.0,56.1,6.8,1015.6,0
2025-05-16,Tokyo,Japan,26.3,53.2,4.6,1021.0,0
2025-05-16,Singapore,Singapore,33.9,73.5,3.7,1015.4,6.9
2025-05-16,Sydney,Australia,8.9,72.1,5.8,1018.3,5.9
2025-05-16,Cairo,Egypt,32.8,43.9,3.6,1007.9,0
2025-05-16,São Paulo,Brazil,13.5,82.3,1.9,1009.2,12.5
2025-05-16,Toronto,Canada,22.8,62.3,4.2,1007.0,0
2025-05-17,New York,USA,26.9,52.4,6.3,1010.8,0
2025-05-17,London,UK,19.3,59.4,7.2,1014.8,0
2025-05-17,Tokyo,Japan,24.6,57.4,5.6,1019.3,0
2025-05-17,Singapore,Singapore,33.7,70.5,2.9,1015.5,0
2025-05-17,Sydney,Australia,7.6,73.8,5.3,1019.7,0
2025-05-17,Cairo,Egypt,34.5,39.4,2.8,1008.8,0
2025-05-17,São Paulo,Brazil,14.2,85.4,2.4,1007.5,15.3
2025-05-17,Toronto,Canada,20.9,58.2,4.5,1008.1,0
2025-05-18,New York,USA,25.8,49.6,5.6,1014.8,0
2025-05-18,London,UK,19.4,61.7,7.0,1014.0,0
2025-05-18,Tokyo,Japan,25.0,58.3,5.1,1019.1,0
2025-05-18,Singapore,Singapore,34.7,70.6,3.3,1014.2,0
2025-05-18,Sydney,Australia,8.1,78.4,4.3,1020.4,4.7
2025-05-18,Cairo,Egypt,33.9,38.9,3.2,1009.2,0
2025-05-18,São Paulo,Brazil,13.1,83.4,2.7,1005.6,12.1
2025-05-18,Toronto,Canada,22.8,57.4,5.0,1010.1,0
2025-05-19,New York,USA,25.4,49.3,5.7,1012.8,0
2025-05-19,London,UK,20.8,59.1,6.4,1015.0,0
2025-05-19,Tokyo,Japan,24.2,54.5,5.2,1021.7,0
2025-05-19,Singapore,Singapore,34.1,71.8,3.0,1015.8,0
2025-05-19,Sydney,Australia,9.4,76.1,4.1,1017.1,2.9
2025-05-19,Cairo,Egypt,34.3,44.0,2.1,1005.7,0
2025-05-19,São Paulo,Brazil,13.4,80.6,2.6,1006.7,9.0
2025-05-19,Toronto,Canada,21.7,60.9,5.0,1009.4,0
2025-05-20,New York,USA,25.3,48.4,5.5,1015.1,0
2025-05-20,London,UK,19.2,56.4,5.9,1016.8,0
2025-05-20,Tokyo,Japan,24.0,55.1,5.3,1021.4,0
2025-05-20,Singapore,Singapore,34.7,75.6,2.7,1012.8,1.5
2025-05-20,Sydney,Australia,10.0,76.7,4.9,1018.5,2.9
2025-05-20,Cairo,Egypt,35.4,42.0,3.4,1006.1,0
2025-05-20,São Paulo,Brazil,14.9,82.8,2.0,1007.7,11.4
2025-05-20,Toronto,Canada,22.2,59.4,4.2,1007.8,0
2025-05-21,New York,USA,24.7,48.2,5.8,1014.7,0
2025-05-21,London,UK,19.6,59.8,6.8,1015.8,0
2025-05-21,Tokyo,Japan,23.4,60.7,4.6,1020.4,0
2025-05-21,Singapore,Singapore,35.1,73.1,1.8,1012.2,5.5
2025-05-21,Sydney,Australia,9.4,77.3,3.8,1015.5,9.2
2025-05-21,Cairo,Egypt,35.1,43.6,2.8,1008.6,0
2025-05-21,São Paulo,Brazil,13.6,83.8,2.4,1008.5,9.5
2025-05-21,Toronto,Canada,22.0,59.6,5.2,1010.4,0
2025-05-22,New York,USA,25.2,50.7,6.7,1015.6,0
2025-05-22,London,UK,20.1,59.4,6.0,1019.2,0
2025-05-22,Tokyo,Japan,24.5,57.6,4.4,1019.7,0
2025-05-22,Singapore,Singapore,34.2,73.4,2.8,1012.9,0
2025-05-22,Sydney,Australia,10.5,76.4,4.6,1016.4,4.1
2025-05-22,Cairo,Egypt,33.6,42.9,3.1,1007.3,0
2025-05-22,São Paulo,Brazil,13.5,79.4,2.1,1007.7,8.1
2025-05-22,Toronto,Canada,20.5,53.8,5.0,1009.8,0
2025-05-23,New York,USA,24.0,50.9,5.5,1018.0,0
2025-05-23,London,UK,18.4,60.8,6.8,1015.9,0
2025-05-23,Tokyo,Japan,25.3,57.3,4.0,1021.0,0
2025-05-23,Singapore,Singapore,34.1,74.8,2.5,1013.2,5.2
2025-05-23,Sydney,Australia,10.6,77.4,3.4,1013.9,5.0
2025-05-23,Cairo,Egypt,33.8,38.2,3.5,1007.2,0
2025-05-23,São Paulo,Brazil,14.3,81.1,3.2,1006.0,12.5
2025-05-23,Toronto,Canada,22.2,54.4,6.0,1011.2,0
2025-05-24,New York,USA,24.9,49.7,6.3,1016.3,0
2025-05-24,London,UK,18.8,61.4,6.5,1017.3,0
2025-05-24,Tokyo,Japan,23.2,60.3,3.5,1019.3,0
2025-05-24,Singapore,Singapore,34.3,79.3,1.7,1011.5,11.5
2025-05-24,Sydney,Australia,11.0,74.6,4.8,1016.2,4.2
2025-05-24,Cairo,Egypt,34.1,38.7,2.8,1005.4,0
2025-05-24,São Paulo,Brazil,14.2,78.9,3.8,1007.3,7.6
2025-05-24,Toronto,Canada,21.6,58.4,5.3,1010.4,0
2025-05-25,New York,USA,23.2,52.5,6.2,1017.2,0
2025-05-25,London,UK,17.6,61.8,5.3,1015.9,0
2025-05-25,Tokyo,Japan,23.4,63.3,3.8,1019.9,0
2025-05-25,Singapore,Singapore,36.2,77.7,1.1,1011.8,9.3
2025-05-25,Sydney,Australia,11.8,73.9,4.8,1013.7,0.4
2025-05-25,Cairo,Egypt,34.9,41.8,2.7,1005.5,0
2025-05-25,São Paulo,Brazil,14.0,78.6,2.6,1007.9,6.2
2025-05-25,Toronto,Canada,20.1,57.0,6.1,1008.3,0
2025-05-26,New York,USA,24.3,51.6,6.4,1016.3,0
2025-05-26,London,UK,18.6,62.1,5.4,1016.1,0
2025-05-26,Tokyo,Japan,24.5,58.6,3.1,1022.0,0
2025-05-26,Singapore,Singapore,35.9,74.7,2.4,1010.3,6.2
2025-05-26,Sydney,Australia,12.5,78.2,4.8,1013.3,9.6
2025-05-26,Cairo,Egypt,36.2,42.0,3.5,1005.9,0
2025-05-26,São Paulo,Brazil,15.5,80.9,4.1,1007.5,6.6
2025-05-26,Toronto,Canada,20.5,56.1,6.3,1011.1,0
2025-05-27,New York,USA,23.4,51.3,6.0,1019.7,0
2025-05-27,London,UK,17.2,60.2,5.8,1016.3,0
2025-05-27,Tokyo,Japan,23.1,60.1,2.8,1019.2,0
2025-05-27,Singapore,Singapore,34.5,76.2,2.2,1009.2,9.1
2025-05-27,Sydney,Australia,12.6,73.8,4.9,1011.8,3.4
2025-05-27,Cairo,Egypt,36.2,38.6,3.3,1004.6,0
2025-05-27,São Paulo,Brazil,15.3,79.5,3.3,1008.9,8.6
2025-05-27,Toronto,Canada,20.2,52.2,5.3,1009.9,0
2025-05-28,New York,USA,23.1,49.2,5.4,1017.0,0
2025-05-28,London,UK,18.4,60.6,5.0,1018.5,0
2025-05-28,Tokyo,Japan,25.3,61.5,2.7,1020.4,0
2025-05-28,Singapore,Singapore,34.8,77.0,0.9,1009.9,2.8
2025-05-28,Sydney,Australia,11.7,77.6,3.8,1013.7,4.6
2025-05-28,Cairo,Egypt,34.8,37.2,3.0,1006.0,0
2025-05-28,São Paulo,Brazil,15.8,79.3,3.0,1009.5,9.8
2025-05-28,Toronto,Canada,20.9,52.2,6.6,1010.6,0
2025-05-29,New York,USA,22.2,48.4,6.2,1017.7,0
2025-05-29,London,UK,18.0,62.1,6.0,1018.8,0
2025-05-29,Tokyo,Japan,23.4,60.7,3.2,1017.4,0
2025-05-29,Singapore,Singapore,35.0,81.4,1.8,1008.7,4.9
2025-05-29,Sydney,Australia,12.0,76.7,5.1,1011.7,6.7
2025-05-29,Cairo,Egypt,35.9,39.3,4.5,1003.8,0
2025-05-29,São Paulo,Brazil,14.7,74.9,4.0,1009.9,7.2
2025-05-29,Toronto,Canada,19.3,53.7,6.8,1011.2,0
2025-05-30,New York,USA,21.4,50.3,6.4,1020.5,0
2025-05-30,London,UK,18.2,63.3,5.5,1017.4,0
2025-05-30,Tokyo,Japan,25.6,62.4,2.8,1018.2,0
2025-05-30,Singapore,Singapore,35.2,76.7,1.9,1009.7,3.3
2025-05-30,Sydney,Australia,11.4,78.0,5.2,1012.3,10.0
2025-05-30,Cairo,Egypt,35.3,36.2,4.5,1004.8,0
2025-05-30,São Paulo,Brazil,14.8,74.0,4.4,1008.3,5.4
2025-05-30,Toronto,Canada,18.8,55.8,6.4,1014.5,0
2025-05-31,New York,USA,21.2,48.5,4.8,1018.2,0
2025-05-31,London,UK,18.1,66.8,5.4,1017.7,0
2025-05-31,Tokyo,Japan,25.6,61.7,2.7,1016.9,0
2025-05-31,Singapore,Singapore,35.0,80.1,2.0,1009.8,11.7
2025-05-31,Sydney,Australia,11.8,76.4,5.0,1011.5,2.5
2025-05-31,Cairo,Egypt,34.9,36.4,3.8,1006.2,0
2025-05-31,São Paulo,Brazil,14.0,77.5,4.1,1009.9,8.5
2025-05-31,Toronto,Canada,18.4,53.9,5.7,1012.5,0
2025-06-01,New York,USA,21.7,53.1,5.3,1018.8,0
2025-06-01,London,UK,17.5,67.2,5.4,1018.2,0
2025-06-01,Tokyo,Japan,23.9,64.7,2.1,1015.8,0
2025-06-01,Singapore,Singapore,36.6,81.1,1.6,1008.4,4.5
2025-06-01,Sydney,Australia,13.1,73.1,4.3,1013.2,6.1
2025-06-01,Cairo,Egypt,35.6,37.4,4.8,1003.2,0
2025-06-01,São Paulo,Brazil,14.7,75.1,3.9,1009.4,3.3
2025-06-01,Toronto,Canada,19.3,51.4,5.8,1015.8,0
2025-06-02,New York,USA,21.2,51.8,4.5,1020.3,0
2025-06-02,London,UK,17.0,67.8,4.0,1017.0,0
2025-06-02,Tokyo,Japan,25.6,62.9,1.8,1015.4,0
2025-06-02,Singapore,Singapore,36.3,81.4,1.4,1005.2,5.4
2025-06-02,Sydney,Australia,13.3,77.1,4.5,1009.7,5.4
2025-06-02,Cairo,Egypt,35.2,35.3,4.8,1006.5,0
2025-06-02,São Paulo,Brazil,14.9,72.1,4.0,1007.6,3.7
2025-06-02,Toronto,Canada,18.2,52.1,6.0,1015.9,0
2025-06-03,New York,USA,22.7,49.4,4.3,1018.0,0
2025-06-03,London,UK,18.7,65.7,3.9,1018.5,0
2025-06-03,Tokyo,Japan,24.5,67.7,1.9,1015.2,0
2025-06-03,Singapore,Singapore,36.8,80.6,1.1,1006.3,6.3
2025-06-03,Sydney,Australia,14.3,75.7,5.0,1011.1,2.0
2025-06-03,Cairo,Egypt,34.4,37.7,5.1,1003.6,0
2025-06-03,São Paulo,Brazil,14.3,75.1,5.0,1008.0,6.9
2025-06-03,Toronto,Canada,17.9,54.4,6.1,1013.7,0
2025-06-04,New York,USA,22.2,52.7,4.7,1020.4,0
2025-06-04,London,UK,16.9,68.8,4.4,1017.2,3.0
2025-06-04,Tokyo,Japan,24.1,68.0,2.2,1016.8,1.0
2025-06-04,Singapore,Singapore,36.3,83.0,1.3,1007.5,13.1
2025-06-04,Sydney,Australia,12.7,72.9,4.7,1011.9,4.8
2025-06-04,Cairo,Egypt,35.1,35.0,5.5,1003.9,0
2025-06-04,São Paulo,Brazil,14.5,70.9,4.8,1010.4,4.1
2025-06-04,Toronto,Canada,17.5,53.6,5.8,1016.0,0
2025-06-05,New York,USA,21.5,51.5,4.3,1021.3,0
2025-06-05,London,UK,17.9,68.9,3.6,1014.8,0
2025-06-05,Tokyo,Japan,24.7,67.9,3.1,1016.6,0
2025-06-05,Singapore,Singapore,36.2,82.1,2.5,1003.7,12.2
2025-06-05,Sydney,Australia,14.6,74.9,5.5,1011.0,7.9
2025-06-05,Cairo,Egypt,34.2,37.7,4.6,1007.6,0
2025-06-05,São Paulo,Brazil,13.4,73.7,5.0,1010.1,4.9
2025-06-05,Toronto,Canada,18.3,49.8,6.7,1015.0,0
2025-06-06,New York,USA,21.1,56.1,3.9,1018.9,0
2025-06-06,London,UK,17.7,65.4,4.0,1015.2,0
2025-06-06,Tokyo,Japan,25.4,68.5,1.8,1016.0,0
2025-06-06,Singapore,Singapore,36.5,83.3,1.7,1003.9,5.7
2025-06-06,Sydney,Australia,13.6,71.2,6.2,1009.7,0
2025-06-06,Cairo,Egypt,34.6,33.7,5.0,1006.2,0
2025-06-06,São Paulo,Brazil,14.7,69.3,4.6,1011.0,0
2025-06-06,Toronto,Canada,17.6,54.2,5.9,1016.9,0
2025-06-07,New York,USA,20.4,53.3,4.8,1018.5,0
2025-06-07,London,UK,17.1,68.9,3.4,1017.2,0.5
2025-06-07,Tokyo,Japan,25.1,69.4,3.1,1015.2,3.7
2025-06-07,Singapore,Singapore,37.6,82.5,2.3,1005.5,8.4
2025-06-07,Sydney,Australia,15.0,69.8,6.5,1009.4,0.1
2025-06-07,Cairo,Egypt,34.6,32.5,4.8,1006.8,0
2025-06-07,São Paulo,Brazil,14.8,74.5,4.2,1010.3,1.0
2025-06-07,Toronto,Canada,18.4,52.7,6.3,1018.4,0
2025-06-08,New York,USA,22.2,55.4,4.7,1018.4,0
2025-06-08,London,UK,18.3,70.9,3.3,1015.0,2.3
2025-06-08,Tokyo,Japan,26.7,70.1,3.3,1015.1,2.2
2025-06-08,Singapore,Singapore,38.2,83.3,1.5,1003.7,6.4
2025-06-08,Sydney,Australia,14.5,71.2,5.7,1012.8,0
2025-06-08,Cairo,Egypt,34.7,35.0,5.5,1007.6,0
2025-06-08,São Paulo,Brazil,13.9,70.3,4.1,1013.3,2.9
2025-06-08,Toronto,Canada,17.4,53.1,5.7,1016.6,0
2025-06-09,New York,USA,20.4,57.2,4.1,1019.1,0
2025-06-09,London,UK,17.7,68.4,3.6,1015.2,0
2025-06-09,Tokyo,Japan,24.9,65.4,3.2,1014.1,0.4
2025-06-09,Singapore,Singapore,36.1,77.8,2.2,1005.7,3.8
2025-06-09,Sydney,Australia,13.3,69.5,5.5,1009.6,0
2025-06-09,Cairo,Egypt,33.3,33.0,4.7,1009.0,0
2025-06-09,São Paulo,Brazil,14.3,72.0,4.2,1011.4,2.5
2025-06-09,Toronto,Canada,16.4,53.1,5.3,1018.5,0
2025-06-10,New York,USA,21.0,58.6,4.4,1020.1,0
2025-06-10,London,UK,18.6,71.4,3.7,1012.7,0.8
2025-06-10,Tokyo,Japan,26.0,65.8,3.3,1011.3,1.3
2025-06-10,Singapore,Singapore,38.0,83.2,2.8,1002.5,6.8
2025-06-10,Sydney,Australia,12.9,70.4,6.6,1012.0,1.0
2025-06-10,Cairo,Egypt,33.8,32.0,5.3,1006.2,0
2025-06-10,São Paulo,Brazil,13.1,67.6,4.1,1015.6,3.3
2025-06-10,Toronto,Canada,17.0,52.9,5.8,1016.8,0
2025-06-11,New York,USA,22.1,54.1,3.8,1019.6,0
2025-06-11,London,UK,18.4,72.9,3.1,1012.0,0
2025-06-11,Tokyo,Japan,26.9,66.6,3.7,1013.0,1.0
2025-06-11,Singapore,Singapore,38.0,79.2,2.1,1003.1,7.7
2025-06-11,Sydney,Australia,13.9,70.3,6.9,1011.6,0
2025-06-11,Cairo,Egypt,31.5,34.1,4.8,1010.4,0
2025-06-11,São Paulo,Brazil,13.8,67.7,4.1,1014.6,0
2025-06-11,Toronto,Canada,16.6,51.0,4.8,1018.5,0
2025-06-12,New York,USA,20.4,58.4,4.3,1018.4,0
2025-06-12,London,UK,19.5,71.1,4.1,1012.5,0
2025-06-12,Tokyo,Japan,25.5,69.0,3.5,1011.9,1.6
2025-06-12,Singapore,Singapore,37.7,79.4,3.2,1002.9,9.8
2025-06-12,Sydney,Australia,14.4,71.4,6.6,1012.1,1.1
2025-06-12,Cairo,Egypt,33.3,29.7,5.6,1008.8,0
2025-06-12,São Paulo,Brazil,13.7,70.1,4.4,1013.0,0
2025-06-12,Toronto,Canada,14.9,54.1,4.7,1019.8,0
2025-06-13,New York,USA,22.5,58.2,3.2,1018.9,0
2025-06-13,London,UK,18.5,72.7,4.2,1012.9,5.0
2025-06-13,Tokyo,Japan,25.4,70.9,4.0,1012.4,4.1
2025-06-13,Singapore,Singapore,35.9,80.7,3.4,1004.2,8.3
2025-06-13,Sydney,Australia,13.8,69.0,6.8,1012.1,0
2025-06-13,Cairo,Egypt,31.1,30.7,5.2,1010.9,0
2025-06-13,São Paulo,Brazil,12.3,72.4,4.7,1015.0,0.0
2025-06-13,Toronto,Canada,15.7,56.3,5.0,1018.0,0
2025-06-14,New York,USA,21.9,59.8,3.8,1018.8,0
2025-06-14,London,UK,18.9,69.9,4.8,1012.6,3.5
2025-06-14,Tokyo,Japan,25.9,70.8,3.9,1013.0,2.4
2025-06-14,Singapore,Singapore,36.3,82.5,3.8,1004.0,6.0
2025-06-14,Sydney,Australia,13.6,71.0,7.4,1011.0,4.4
2025-06-14,Cairo,Egypt,31.8,32.0,5.1,1010.3,0
2025-06-14,São Paulo,Brazil,12.1,70.9,3.5,1017.6,0
2025-06-14,Toronto,Canada,16.4,51.9,3.8,1018.5,0
2025-06-15,New York,USA,20.6,57.4,3.2,1016.9,0
2025-06-15,London,UK,19.3,70.1,3.9,1012.6,0
2025-06-15,Tokyo,Japan,25.4,66.6,3.9,1010.6,1.0
2025-06-15,Singapore,Singapore,37.3,81.8,3.3,1001.4,9.6
2025-06-15,Sydney,Australia,12.8,69.7,7.1,1012.9,4.0
2025-06-15,Cairo,Egypt,30.8,32.2,5.8,1009.9,0
2025-06-15,São Paulo,Brazil,12.0,69.4,4.6,1014.2,0
2025-06-15,Toronto,Canada,14.3,52.7,5.0,1017.9,0
2025-06-16,New York,USA,22.4,61.6,3.3,1018.9,0
2025-06-16,London,UK,19.3,73.1,5.2,1009.8,0.8
2025-06-16,Tokyo,Japan,25.3,69.7,4.2,1011.9,4.1
2025-06-16,Singapore,Singapore,37.7,79.2,4.4,1004.4,7.1
2025-06-16,Sydney,Australia,14.5,66.1,6.7,1011.6,0
2025-06-16,Cairo,Egypt,30.8,31.6,5.5,1012.2,0
2025-06-16,São Paulo,Brazil,13.8,67.7,2.9,1017.8,0
2025-06-16,Toronto,Canada,16.2,52.1,4.4,1019.9,0
2025-06-17,New York,USA,21.6,63.1,2.9,1017.8,0
2025-06-17,London,UK,19.7,72.1,5.1,1010.3,4.9
2025-06-17,Tokyo,Japan,26.0,68.3,4.1,1010.6,1.7
2025-06-17,Singapore,Singapore,36.0,78.4,3.9,1004.0,5.4
2025-06-17,Sydney,Australia,13.4,67.0,6.7,1013.7,1.1
2025-06-17,Cairo,Egypt,30.3,28.4,5.6,1010.3,0
2025-06-17,São Paulo,Brazil,12.5,67.8,3.1,1017.7,0
2025-06-17,Toronto,Canada,16.3,57.7,4.4,1019.6,0
2025-06-18,New York,USA,22.7,59.5,3.8,1017.8,0
2025-06-18,London,UK,19.2,71.2,5.0,1011.7,0
2025-06-18,Tokyo,Japan,27.5,66.6,5.0,1010.9,0.5
2025-06-18,Singapore,Singapore,35.7,80.9,4.5,1001.2,9.3
2025-06-18,Sydney,Australia,14.1,66.1,6.3,1014.2,0.6
2025-06-18,Cairo,Egypt,30.1,32.9,4.4,1014.3,0
2025-06-18,São Paulo,Brazil,12.1,69.3,3.2,1016.5,2.9
2025-06-18,Toronto,Canada,14.2,52.9,3.5,1019.1,0
2025-06-19,New York,USA,20.9,60.3,3.4,1016.8,0
2025-06-19,London,UK,18.5,71.9,4.7,1008.0,1.7
2025-06-19,Tokyo,Japan,25.1,70.8,4.2,1011.4,1.1
2025-06-19,Singapore,Singapore,36.0,79.7,3.4,1002.3,8.9
2025-06-19,Sydney,Australia,13.0,68.0,7.1,1015.4,0
2025-06-19,Cairo,Egypt,30.7,27.7,5.3,1011.4,0
2025-06-19,São Paulo,Brazil,13.5,65.9,2.8,1018.1,0
2025-06-19,Toronto,Canada,15.8,57.9,4.0,1021.5,0
2025-06-20,New York,USA,22.7,61.2,4.3,1015.0,0
2025-06-20,London,UK,20.7,75.0,5.8,1010.7,5.1
2025-06-20,Tokyo,Japan,27.1,67.4,5.1,1010.0,2.0
2025-06-20,Singapore,Singapore,36.9,78.4,4.4,1001.6,4.5
2025-06-20,Sydney,Australia,12.8,64.7,6.0,1013.0,0
2025-06-20,Cairo,Egypt,29.7,31.4,4.8,1014.9,0
2025-06-20,São Paulo,Brazil,12.8,67.4,3.3,1019.2,0
2025-06-20,Toronto,Canada,14.3,54.6,4.4,1020.0,0
2025-06-21,New York,USA,21.1,62.3,3.1,1016.4,0
2025-06-21,London,UK,19.5,75.5,4.6,1008.5,8.3
2025-06-21,Tokyo,Japan,25.5,69.4,4.3,1009.9,3.2
2025-06-21,Singapore,Singapore,36.4,77.3,4.3,1001.8,3.0
2025-06-21,Sydney,Australia,14.0,61.8,7.0,1014.4,0
2025-06-21,Cairo,Egypt,29.0,33.1,4.3,1014.3,0
2025-06-21,São Paulo,Brazil,12.7,70.2,2.7,1017.8,0
2025-06-21,Toronto,Canada,13.8,56.8,3.6,1019.6,0
2025-06-22,New York,USA,21.8,62.1,3.6,1016.3,0
2025-06-22,London,UK,19.8,75.1,5.6,1006.7,6.1
2025-06-22,Tokyo,Japan,26.3,68.8,4.2,1009.8,1.9
2025-06-22,Singapore,Singapore,36.0,79.2,4.7,1005.2,9.5
2025-06-22,Sydney,Australia,13.9,65.8,6.7,1017.5,1.9
2025-06-22,Cairo,Egypt,29.2,27.8,4.3,1012.5,0
2025-06-22,São Paulo,Brazil,11.8,70.1,2.9,1019.6,1.8
2025-06-22,Toronto,Canada,15.2,56.8,3.9,1018.9,0
2025-06-23,New York,USA,22.4,61.3,4.0,1015.0,0
2025-06-23,London,UK,19.7,74.8,5.3,1009.4,3.9
2025-06-23,Tokyo,Japan,26.6,68.3,4.9,1010.3,3.4
2025-06-23,Singapore,Singapore,35.5,74.7,4.2,1003.2,1.4
2025-06-23,Sydney,Australia,12.8,60.7,5.5,1015.0,0
2025-06-23,Cairo,Egypt,29.5,28.9,4.1,1014.4,0
2025-06-23,São Paulo,Brazil,12.5,66.2,2.5,1018.1,0
2025-06-23,Toronto,Canada,14.2,55.2,3.8,1021.0,0
2025-06-24,New York,USA,21.4,64.8,5.0,1014.6,0
2025-06-24,London,UK,20.4,75.9,5.8,1006.1,4.1
2025-06-24,Tokyo,Japan,26.5,66.5,4.8,1010.6,0
2025-06-24,Singapore,Singapore,33.6,76.8,4.7,1006.5,5.7
2025-06-24,Sydney,Australia,12.8,60.2,6.4,1016.3,0
2025-06-24,Cairo,Egypt,29.2,27.8,3.1,1015.6,0
2025-06-24,São Paulo,Brazil,12.1,66.7,2.8,1018.0,1.7
2025-06-24,Toronto,Canada,15.1,61.5,4.0,1021.1,0
2025-06-25,New York,USA,22.4,65.0,4.8,1011.8,0.8
2025-06-25,London,UK,19.2,75.5,6.7,1008.2,1.4
2025-06-25,Tokyo,Japan,24.4,70.6,5.6,1009.0,0
2025-06-25,Singapore,Singapore,33.0,75.3,4.2,1005.2,2.9
2025-06-25,Sydney,Australia,13.5,61.0,5.8,1017.3,0
2025-06-25,Cairo,Egypt,29.3,28.5,2.7,1015.0,0
2025-06-25,São Paulo,Brazil,12.5,67.4,1.9,1020.1,1.8
2025-06-25,Toronto,Canada,16.0,62.1,3.8,1017.0,0
2025-06-26,New York,USA,21.6,65.0,4.0,1013.9,0
2025-06-26,London,UK,20.4,73.4,6.0,1005.8,4.6
2025-06-26,Tokyo,Japan,24.4,67.3,5.3,1010.4,0
2025-06-26,Singapore,Singapore,33.2,74.8,4.3,1006.4,2.2
2025-06-26,Sydney,Australia,13.5,63.2,6.3,1016.1,0
2025-06-26,Cairo,Egypt,27.0,29.3,3.5,1014.1,0
2025-06-26,São Paulo,Brazil,14.7,69.7,2.3,1019.0,0
2025-06-26,Toronto,Canada,15.2,59.0,3.4,1019.3,0
2025-06-27,New York,USA,21.7,65.8,5.5,1012.5,0
2025-06-27,London,UK,19.2,75.4,6.0,1006.0,0.2
2025-06-27,Tokyo,Japan,23.7,69.6,4.5,1011.0,0.9
2025-06-27,Singapore,Singapore,33.1,76.4,4.4,1004.1,8.4
2025-06-27,Sydney,Australia,12.6,63.0,5.3,1017.5,0
2025-06-27,Cairo,Egypt,28.8,27.7,2.5,1015.6,0
2025-06-27,São Paulo,Brazil,14.8,71.9,1.4,1020.5,3.0
2025-06-27,Toronto,Canada,14.9,58.8,3.1,1019.5,0
2025-06-28,New York,USA,22.8,65.8,5.4,1012.3,0.3
2025-06-28,London,UK,20.3,76.1,6.1,1005.1,8.9
2025-06-28,Tokyo,Japan,23.9,68.1,5.6,1010.9,1.2
2025-06-28,Singapore,Singapore,33.0,72.9,3.0,1004.3,2.5
2025-06-28,Sydney,Australia,11.4,58.1,5.8,1018.8,0
2025-06-28,Cairo,Egypt,28.6,32.6,2.2,1016.2,0
2025-06-28,São Paulo,Brazil,15.1,70.4,2.4,1019.4,0
2025-06-28,Toronto,Canada,14.7,60.5,4.1,1017.9,0
2025-06-29,New York,USA,22.2,67.6,6.1,1009.1,1.3
2025-06-29,London,UK,18.8,73.8,6.0,1004.5,2.2
2025-06-29,Tokyo,Japan,25.3,68.6,4.9,1010.2,0
2025-06-29,Singapore,Singapore,32.5,76.0,3.9,1005.1,0.3
2025-06-29,Sydney,Australia,12.2,62.8,5.6,1018.4,0
2025-06-29,Cairo,Egypt,26.9,33.6,2.7,1014.9,0
2025-06-29,São Paulo,Brazil,14.9,71.1,2.4,1019.4,0
2025-06-29,Toronto,Canada,16.5,59.1,4.5,1016.3,0
